council_name,development_type,application_status,application_count,total_development_cost,average_development_cost,latest_source_updated_at
Albury City Council,Alterations and additions to commercial development,Determined,3,183315.0,61105.0,2026-03-22 08:43:47.85
Albury City Council,Alterations and additions to industrial development,Determined,1,25000.0,25000.0,2026-03-28 23:53:30.063
Albury City Council,Alterations and additions to residential development,Determined,3,793615.0,264538.3333333333,2026-03-28 23:48:56.51
Albury City Council,Attached dwelling,Determined,1,2567000.0,2567000.0,2026-03-20 22:48:58.93
Albury City Council,"Balconies, decks, patios, terraces or verandahs",Determined,7,132634.0,18947.714285714286,2026-03-28 23:48:56.51
Albury City Council,Centre based childcare,Determined,1,2000000.0,2000000.0,2026-03-20 23:09:28.533
Albury City Council,Change of use,Determined,1,25000.0,25000.0,2026-03-28 23:53:30.063
Albury City Council,Demolition,Determined,3,1572571.7,524190.56666666665,2026-03-22 07:35:13.337
Albury City Council,Dual occupancy,Determined,2,1133571.7,566785.85,2026-03-20 22:38:38.19
Albury City Council,Dwelling,Determined,17,6679809.13,392929.9488235294,2026-03-28 23:51:38.8
Albury City Council,Earthworks / change in levels,Determined,2,1026900.0,513450.0,2026-03-22 07:35:13.337
Albury City Council,Entertainment facility,Determined,2,3954860.0,1977430.0,2026-03-28 23:43:01.577
Albury City Council,"Garages, carports and car parking spaces",Determined,4,2628679.0,657169.75,2026-03-28 23:48:56.51
Albury City Council,"Garages, carports and car parking spaces",Rejected,1,9985.0,9985.0,2026-03-22 08:33:28.497
Albury City Council,Industrial development,Determined,3,1630747.0,543582.3333333334,2026-03-20 23:24:59.84
Albury City Council,Multi-dwelling housing,Determined,2,3117000.0,1558500.0,2026-03-22 07:35:13.337
Albury City Council,Other,Determined,2,102478.0,51239.0,2026-03-20 22:41:34.867
Albury City Council,Other,Withdrawn,1,1000.0,1000.0,2026-03-20 22:54:42.31
Albury City Council,Pools / decks / fencing,Determined,3,286615.0,95538.33333333333,2026-03-22 08:39:13.33
Albury City Council,Retail premises ,Determined,1,30000.0,30000.0,2026-03-20 22:33:00.467
Albury City Council,"Retaining walls, protection of trees",Determined,3,335901.0,111967.0,2026-03-22 07:37:36.737
Albury City Council,Secondary dwelling,Determined,1,235615.0,235615.0,2026-03-20 22:48:18.92
Albury City Council,Shed,Determined,15,1342573.0,89504.86666666667,2026-03-22 08:40:44.143
Albury City Council,Shed,Rejected,1,36463.0,36463.0,2026-03-22 08:32:26.04
Albury City Council,Shed,Withdrawn,1,31510.0,31510.0,2026-03-28 22:03:11.6
Albury City Council,Signage,Determined,1,30000.0,30000.0,2026-03-20 22:33:00.467
Albury City Council,Stratum / community title subdivision,Determined,2,679000.0,339500.0,2026-03-22 07:35:13.337
Albury City Council,Subdivision of land,Determined,5,1004571.7,200914.34,2026-03-20 23:25:07.033
Albury City Council,Waste and resource management facilities ,Determined,1,5000.0,5000.0,2026-03-20 23:10:27.76
Ballina Shire Council,"Balconies, decks, patios, terraces or verandahs",Determined,1,150000.0,150000.0,2026-03-22 08:11:04.73
Ballina Shire Council,Dwelling,Determined,2,761000.0,380500.0,2026-03-22 08:16:28.52
Ballina Shire Council,"Garages, carports and car parking spaces",Determined,1,150000.0,150000.0,2026-03-22 08:11:04.73
Ballina Shire Council,Pools / decks / fencing,Determined,3,382000.0,127333.33333333333,2026-03-28 21:56:05.503
Ballina Shire Council,"Retaining walls, protection of trees",Determined,1,10000.0,10000.0,2026-03-28 21:56:27.167
Ballina Shire Council,Subdivision of land,Determined,1,0.0,0.0,2026-03-22 08:10:28.12
Bathurst Regional Council,Alterations and additions to commercial development,Determined,1,8000.0,8000.0,2026-03-22 07:39:51.907
Bathurst Regional Council,Alterations and additions to residential development,Determined,3,289090.0,144545.0,2026-03-28 23:48:07.76
Bathurst Regional Council,"Balconies, decks, patios, terraces or verandahs",Determined,1,14000.0,14000.0,2026-03-27 22:40:07.207
Bathurst Regional Council,Demolition,Determined,2,846363.0,423181.5,2026-03-28 23:51:44.907
Bathurst Regional Council,Dual occupancy,Determined,4,2193453.0,548363.25,2026-03-28 23:51:44.907
Bathurst Regional Council,Dwelling,Determined,4,1843100.0,460775.0,2026-03-28 23:52:37.31
Bathurst Regional Council,Earthworks / change in levels,Determined,1,550000.0,550000.0,2026-03-28 21:56:49.683
Bathurst Regional Council,Educational establishment ,Determined,2,35000.0,17500.0,2026-03-28 22:02:41.62
Bathurst Regional Council,Farm buildings,Determined,1,2000.0,2000.0,2026-03-22 07:40:12.243
Bathurst Regional Council,"Garages, carports and car parking spaces",Determined,1,19100.0,19100.0,2026-03-27 22:39:07.837
Bathurst Regional Council,Other,Determined,3,106155.0,35385.0,2026-03-28 23:51:29.993
Bathurst Regional Council,Recreational Uses,Determined,1,35000.0,35000.0,2026-03-22 07:37:52.017
Bathurst Regional Council,"Retaining walls, protection of trees",Determined,1,230000.0,230000.0,2026-03-28 21:56:45.783
Bathurst Regional Council,Secondary dwelling,Determined,1,195996.21,195996.21,2026-03-28 22:03:34.047
Bathurst Regional Council,Shed,Determined,1,17235.0,17235.0,2026-03-22 07:35:05.337
Bathurst Regional Council,Subdivision of land,Determined,2,905453.0,452726.5,2026-03-28 23:51:44.907
Bayside Council,Alterations and additions to commercial development,Determined,1,15000.0,15000.0,2026-03-28 23:29:49.567
Bayside Council,Alterations and additions to industrial development,Withdrawn,1,85000.0,85000.0,2026-03-20 23:16:26.75
Bayside Council,Alterations and additions to residential development,Determined,12,1307903.56,108991.96333333333,2026-03-28 23:48:46.03
Bayside Council,Attached dwelling,Determined,1,844284.0,844284.0,2026-03-22 07:45:37.53
Bayside Council,Attached dwelling,Withdrawn,2,760997.08,380498.54,2026-03-27 22:40:49.957
Bayside Council,"Balconies, decks, patios, terraces or verandahs",Determined,2,622315.0,311157.5,2026-03-20 22:50:36.207
Bayside Council,Centre based childcare,Withdrawn,1,250000.0,250000.0,2026-03-22 07:58:03.27
Bayside Council,Change of use,Determined,2,10000.0,5000.0,2026-03-22 08:11:22.427
Bayside Council,Demolition,Determined,8,5585328.84,698166.105,2026-03-22 07:45:37.53
Bayside Council,Demolition,Withdrawn,1,837904.2,837904.2,2026-03-28 23:48:42.21
Bayside Council,Dual occupancy,Determined,3,2394988.84,798329.6133333333,2026-03-22 07:40:20.687
Bayside Council,Dwelling,Determined,6,3994944.0,665824.0,2026-03-28 23:52:12.14
Bayside Council,Dwelling,Withdrawn,3,2405404.2,1202702.1,2026-03-28 23:48:42.21
Bayside Council,"Garages, carports and car parking spaces",Determined,2,199800.0,99900.0,2026-03-28 23:48:46.03
Bayside Council,Industrial development,Determined,1,450000.0,450000.0,2026-03-27 22:40:01.23
Bayside Council,Mixed use development,Determined,3,149600444.0,49866814.666666664,2026-03-28 23:48:10.24
Bayside Council,Office premises,Determined,1,2500000.0,2500000.0,2026-03-20 23:25:29.9
Bayside Council,Other,Determined,2,4447000.0,2223500.0,2026-03-20 23:07:19.967
Bayside Council,Pools / decks / fencing,Determined,3,3158147.0,1052715.6666666667,2026-03-22 07:40:20.687
Bayside Council,Residential flat building,Determined,2,49200000.0,24600000.0,2026-03-20 23:20:43.09
Bayside Council,"Retaining walls, protection of trees",Determined,1,150000.0,150000.0,2026-03-20 22:50:36.207
Bayside Council,Secondary dwelling,Determined,4,886418.56,221604.64,2026-03-22 08:20:43.81
Bayside Council,Secondary dwelling,Withdrawn,1,150000.0,150000.0,2026-03-20 23:25:14.61
Bayside Council,Shed,Determined,1,15000.0,15000.0,2026-03-20 22:53:37.5
Bayside Council,Shop top housing,Under Assessment,1,24661410.0,24661410.0,2026-03-20 23:20:14.39
Bayside Council,Signage,Determined,1,40000.0,40000.0,2026-03-20 22:39:19.257
Bayside Council,Stormwater management systems,Determined,1,,,2026-03-20 23:25:38.113
Bayside Council,Subdivision of land,Determined,5,3239272.84,647854.568,2026-03-22 07:45:37.53
Bayside Council,Subdivision of land,Withdrawn,1,675997.08,675997.08,2026-03-27 22:40:49.957
Bega Valley Shire Council,Demolition,Determined,1,480000.0,480000.0,2026-03-28 23:52:39.147
Bega Valley Shire Council,Dwelling,Determined,1,480000.0,480000.0,2026-03-28 23:52:39.147
Blacktown City Council,Alterations and additions to commercial development,Determined,4,702914.0,175728.5,2026-03-22 08:43:34.017
Blacktown City Council,Alterations and additions to industrial development,Determined,2,1938045.0,969022.5,2026-03-22 08:31:37.477
Blacktown City Council,Alterations and additions to residential development,Determined,12,1793165.6,163015.05454545456,2026-03-22 08:44:07.7
Blacktown City Council,Alterations and additions to residential development,Rejected,1,10000.0,10000.0,2026-03-20 22:44:00.557
Blacktown City Council,Attached dwelling,Determined,2,1422526.56,711263.28,2026-03-22 07:37:42.72
Blacktown City Council,"Balconies, decks, patios, terraces or verandahs",Determined,4,186088.0,46522.0,2026-03-28 21:56:07.433
Blacktown City Council,"Balconies, decks, patios, terraces or verandahs",Withdrawn,1,60000.0,60000.0,2026-03-20 22:54:43.29
Blacktown City Council,Boarding house,Determined,1,1800000.0,1800000.0,2026-03-22 08:20:45.923
Blacktown City Council,Business premises,Determined,1,,,2026-03-22 07:40:00.88
Blacktown City Council,Centre based childcare,Determined,3,3007564.0,1503782.0,2026-03-22 07:40:00.88
Blacktown City Council,Change of use,Determined,4,1079750.0,269937.5,2026-03-22 07:51:38.69
Blacktown City Council,Change of use,Withdrawn,2,192004.0,96002.0,2026-03-22 07:53:07.677
Blacktown City Council,Data storage premises,Under Assessment,1,16859420.0,16859420.0,2026-03-22 07:34:25.657
Blacktown City Council,Demolition,Determined,14,7953794.5600000005,568128.1828571429,2026-03-28 23:37:55.84
Blacktown City Council,Demolition,Withdrawn,1,3245558.0,3245558.0,2026-03-20 22:25:45.627
Blacktown City Council,Dual occupancy,Determined,10,5483505.0,548350.5,2026-03-22 08:31:38.67
Blacktown City Council,Dwelling,Deferred Commencement,1,1132300.0,1132300.0,2026-03-20 23:12:03.43
Blacktown City Council,Dwelling,Determined,160,57227700.81,381518.0054,2026-03-28 23:51:33.263
Blacktown City Council,Dwelling,Withdrawn,3,480004.0,240002.0,2026-03-22 07:53:07.677
Blacktown City Council,Food and drink premises,Withdrawn,1,0.0,0.0,2026-03-22 07:26:10.483
Blacktown City Council,"Garages, carports and car parking spaces",Determined,7,1550506.0,221500.85714285713,2026-03-22 08:43:44.967
Blacktown City Council,Health services facilities,Determined,1,686630.76,686630.76,2026-03-20 22:28:35.863
Blacktown City Council,Home business,Determined,1,0.0,0.0,2026-03-28 23:48:04.873
Blacktown City Council,Industrial development,Additional Information Requested,1,0.0,0.0,2026-03-20 22:26:23.9
Blacktown City Council,Industrial development,Under Assessment,1,16859420.0,16859420.0,2026-03-22 07:34:25.657
Blacktown City Council,Multi-dwelling housing,Determined,3,500000.0,250000.0,2026-03-22 07:37:14.627
Blacktown City Council,Multi-dwelling housing,Withdrawn,1,3245558.0,3245558.0,2026-03-20 22:25:45.627
Blacktown City Council,Office premises,Determined,1,0.0,0.0,2026-03-22 08:38:15.003
Blacktown City Council,Other,Determined,12,23070334.0,2307033.4,2026-03-28 23:50:37.05
Blacktown City Council,Other,Withdrawn,2,0.0,0.0,2026-03-28 23:38:00.9
Blacktown City Council,Pools / decks / fencing,Determined,2,490037.0,245018.5,2026-03-22 07:31:19.327
Blacktown City Council,Pools / decks / fencing,Withdrawn,1,60000.0,60000.0,2026-03-20 22:54:43.29
Blacktown City Council,Recreational Uses,Determined,1,50000.0,50000.0,2026-03-20 22:27:11.23
Blacktown City Council,Residential flat building,Determined,4,,,2026-03-27 22:39:10.37
Blacktown City Council,Retail premises ,Determined,4,4191800.0,1397266.6666666667,2026-03-22 07:40:00.88
Blacktown City Council,"Retaining walls, protection of trees",Determined,2,1104141.0,552070.5,2026-03-27 22:38:10.793
Blacktown City Council,Secondary dwelling,Determined,11,3340570.0,303688.1818181818,2026-03-27 22:38:10.793
Blacktown City Council,Secondary dwelling,Rejected,2,120000.0,60000.0,2026-03-20 23:11:55.63
Blacktown City Council,Secondary dwelling,Withdrawn,1,190004.0,190004.0,2026-03-22 07:53:07.677
Blacktown City Council,Semi-attached dwelling,Determined,2,780000.0,390000.0,2026-03-22 07:40:18.077
Blacktown City Council,Semi-attached dwelling,Withdrawn,1,645000.0,645000.0,2026-03-22 08:26:11.437
Blacktown City Council,Signage,Determined,6,3659152.0,914788.0,2026-03-22 08:38:15.003
Blacktown City Council,Signage,Withdrawn,1,2000.0,2000.0,2026-03-20 23:20:54.15
Blacktown City Council,Subdivision of land,Deferred Commencement,1,1132300.0,1132300.0,2026-03-20 23:12:03.43
Blacktown City Council,Subdivision of land,Determined,17,11860230.0,741264.375,2026-03-27 22:38:15.977
Blacktown City Council,Subdivision of land,Under Assessment,1,1500000.0,1500000.0,2026-03-20 23:20:35.523
Blacktown City Council,Subdivision of land,Withdrawn,1,645000.0,645000.0,2026-03-22 08:26:11.437
Blacktown City Council,Take-away food and drink premises,Determined,3,745432.0,372716.0,2026-03-22 07:40:00.88
Bland Shire Council,Change of use,Determined,1,600000.0,600000.0,2026-03-22 07:25:23.763
Bland Shire Council,Earthworks / change in levels,Determined,1,600000.0,600000.0,2026-03-22 07:25:23.763
Bland Shire Council,Subdivision of land,Determined,1,600000.0,600000.0,2026-03-22 07:25:23.763
Blayney Shire Council,Dwelling,Withdrawn,1,550000.0,550000.0,2026-03-22 07:37:19.587
Blayney Shire Council,"Garages, carports and car parking spaces",Determined,1,25000.0,25000.0,2026-03-22 08:10:37.793
Blayney Shire Council,Pools / decks / fencing,Determined,1,48280.0,48280.0,2026-03-28 21:56:37.097
Blue Mountains City Council,Alterations and additions to residential development,Determined,5,518860.0,103772.0,2026-03-28 23:53:30.76
Blue Mountains City Council,Alterations and additions to residential development,Withdrawn,1,490000.0,490000.0,2026-03-27 22:41:59.033
Blue Mountains City Council,"Balconies, decks, patios, terraces or verandahs",Determined,4,77010.0,19252.5,2026-03-27 22:40:33.863
Blue Mountains City Council,Demolition,Determined,1,523651.0,523651.0,2026-03-28 23:49:01.43
Blue Mountains City Council,Dwelling,Cancelled,1,198000.0,198000.0,2026-03-20 22:56:20.067
Blue Mountains City Council,Dwelling,Determined,14,5197284.0,371234.5714285714,2026-03-28 23:51:43.84
Blue Mountains City Council,Earthworks / change in levels,Determined,1,50000.0,50000.0,2026-03-22 07:59:26.147
Blue Mountains City Council,"Garages, carports and car parking spaces",Determined,4,132250.0,33062.5,2026-03-22 08:20:58.59
Blue Mountains City Council,"Garages, carports and car parking spaces",Withdrawn,2,22750.0,11375.0,2026-03-28 23:47:49.277
Blue Mountains City Council,Hotel or motel accommodation,Determined,1,63700.0,63700.0,2026-03-20 23:01:03.207
Blue Mountains City Council,Other,Determined,2,90000.0,45000.0,2026-03-28 23:52:26.683
Blue Mountains City Council,Pools / decks / fencing,Determined,4,491000.0,122750.0,2026-03-28 23:53:46.32
Blue Mountains City Council,Pools / decks / fencing,Rejected,1,3000.0,3000.0,2026-03-22 07:37:58.427
Blue Mountains City Council,"Retaining walls, protection of trees",Determined,1,50000.0,50000.0,2026-03-22 07:59:26.147
Blue Mountains City Council,Secondary dwelling,Determined,1,126250.0,126250.0,2026-03-22 07:40:14.257
Blue Mountains City Council,Secondary dwelling,Withdrawn,1,490000.0,490000.0,2026-03-27 22:41:59.033
Blue Mountains City Council,Shed,Determined,4,171000.0,42750.0,2026-03-22 08:16:57.077
Bogan Shire Council,Shed,Determined,1,16000.0,16000.0,2026-03-28 23:51:38.217
Broken Hill City Council,Shed,Determined,1,43300.0,43300.0,2026-03-21 22:58:59.817
Burwood Council,Alterations and additions to commercial development,Determined,1,138124.0,138124.0,2026-03-20 22:47:17
Burwood Council,Alterations and additions to residential development,Determined,2,665000.0,332500.0,2026-03-22 07:31:06.527
Burwood Council,Boarding house,Determined,2,222000.0,222000.0,2026-03-22 07:25:49.743
Burwood Council,Demolition,Determined,4,1283000.0,320750.0,2026-03-20 23:20:31.83
Burwood Council,Dual occupancy,Withdrawn,1,792760.0,792760.0,2026-03-22 08:04:32.26
Burwood Council,Dwelling,Determined,2,1824200.0,912100.0,2026-03-22 08:36:25.843
Burwood Council,Dwelling,Withdrawn,1,792760.0,792760.0,2026-03-22 08:04:32.26
Burwood Council,Educational establishment ,Determined,1,,,2026-03-20 22:34:02.57
Burwood Council,"Garages, carports and car parking spaces",Determined,3,71640.0,23880.0,2026-03-20 23:30:46.367
Burwood Council,Mixed use development,Determined,3,21876261.0,21876261.0,2026-03-22 08:42:12.55
Burwood Council,Other,Determined,2,1259803.0,629901.5,2026-03-22 07:37:24.12
Burwood Council,Place of public worship,Determined,1,250000.0,250000.0,2026-03-20 22:56:46.13
Burwood Council,Pools / decks / fencing,Determined,1,59000.0,59000.0,2026-03-20 22:57:02.573
Burwood Council,Restaurant or cafe,Determined,1,1159803.0,1159803.0,2026-03-22 07:37:24.12
Burwood Council,Secondary dwelling,Determined,1,100000.0,100000.0,2026-03-20 23:20:31.83
Burwood Council,Signage,Determined,1,1159803.0,1159803.0,2026-03-22 07:37:24.12
Byron Shire Council,Alterations and additions to commercial development,Determined,3,528872.0,176290.66666666666,2026-03-22 07:40:24.587
Byron Shire Council,Alterations and additions to commercial development,Withdrawn,1,4591600.0,4591600.0,2026-03-20 22:39:00.973
Byron Shire Council,Alterations and additions to residential development,Deferred Commencement,1,157700.0,157700.0,2026-03-20 22:24:06.833
Byron Shire Council,Alterations and additions to residential development,Determined,37,7398790.0,211394.0,2026-03-28 22:28:52.77
Byron Shire Council,Alterations and additions to residential development,Withdrawn,2,985000.0,492500.0,2026-03-20 22:47:57.693
Byron Shire Council,"Balconies, decks, patios, terraces or verandahs",Determined,7,297656.63,49609.43833333333,2026-03-22 07:31:23.127
Byron Shire Council,"Balconies, decks, patios, terraces or verandahs",Withdrawn,1,80000.0,80000.0,2026-03-20 22:54:43.19
Byron Shire Council,Centre based childcare,Determined,1,0.0,0.0,2026-03-20 22:58:45.25
Byron Shire Council,Change of use,Determined,1,0.0,0.0,2026-03-22 07:35:06.453
Byron Shire Council,Demolition,Determined,6,14855862.0,2475977.0,2026-03-22 08:42:06.29
Byron Shire Council,Demolition,Withdrawn,2,7454633.0,3727316.5,2026-03-20 22:50:02.643
Byron Shire Council,Dual occupancy,Deferred Commencement,2,227500.0,113750.0,2026-03-22 08:41:54.717
Byron Shire Council,Dual occupancy,Determined,14,13597309.0,971236.3571428572,2026-03-22 08:39:15.99
Byron Shire Council,Dwelling,Determined,19,13109418.0,728301.0,2026-03-28 23:34:33.063
Byron Shire Council,Dwelling,Operational consent issued,1,0.0,0.0,2026-03-20 23:21:29.97
Byron Shire Council,Dwelling,Withdrawn,1,2863033.0,2863033.0,2026-03-20 22:50:02.643
Byron Shire Council,Farm buildings,Withdrawn,1,1470887.0,1470887.0,2026-03-28 22:31:01.61
Byron Shire Council,"Garages, carports and car parking spaces",Determined,6,1512359.0,302471.8,2026-03-28 22:28:52.77
Byron Shire Council,"Garages, carports and car parking spaces",Operational consent issued,1,0.0,0.0,2026-03-20 23:21:29.97
Byron Shire Council,"Garages, carports and car parking spaces",Withdrawn,1,4591600.0,4591600.0,2026-03-20 22:39:00.973
Byron Shire Council,Group homes ,Determined,1,361020.0,361020.0,2026-03-28 23:21:19.027
Byron Shire Council,Hotel or motel accommodation,Determined,1,5000000.0,5000000.0,2026-03-28 22:42:08.587
Byron Shire Council,Industrial development,Determined,2,3590000.0,1795000.0,2026-03-20 22:48:13.123
Byron Shire Council,Mixed use development,Determined,1,5000.0,5000.0,2026-03-20 23:06:23.54
Byron Shire Council,Multi-dwelling housing,Deferred Commencement,1,1100000.0,1100000.0,2026-03-21 23:03:08.347
Byron Shire Council,Multi-dwelling housing,Determined,2,5368000.0,2684000.0,2026-03-28 22:29:55.987
Byron Shire Council,Other,Deferred Commencement,2,2858900.0,1429450.0,2026-03-21 23:20:46.407
Byron Shire Council,Other,Determined,29,4127071.0,142312.7931034483,2026-03-28 22:28:52.77
Byron Shire Council,Other,Operational consent issued,1,0.0,0.0,2026-03-20 23:21:29.97
Byron Shire Council,Other,Withdrawn,3,84000.0,28000.0,2026-03-28 23:50:56.623
Byron Shire Council,Pools / decks / fencing,Deferred Commencement,2,2761000.0,1380500.0,2026-03-22 08:43:34.573
Byron Shire Council,Pools / decks / fencing,Determined,24,11800133.0,513049.26086956525,2026-03-28 23:52:31.57
Byron Shire Council,Pools / decks / fencing,Operational consent issued,1,0.0,0.0,2026-03-20 23:21:29.97
Byron Shire Council,Pools / decks / fencing,Withdrawn,1,940000.0,940000.0,2026-03-20 22:33:50.48
Byron Shire Council,Recreational Uses,Determined,1,0.0,0.0,2026-03-20 22:28:51.44
Byron Shire Council,Restaurant or cafe,Deferred Commencement,1,2761000.0,2761000.0,2026-03-21 23:20:46.407
Byron Shire Council,Retail premises ,Withdrawn,1,4591600.0,4591600.0,2026-03-20 22:39:00.973
Byron Shire Council,"Retaining walls, protection of trees",Determined,2,201024.0,100512.0,2026-03-20 23:20:51.783
Byron Shire Council,Secondary dwelling,Determined,19,4096485.0,215604.47368421053,2026-03-22 08:44:09
Byron Shire Council,Secondary dwelling,Withdrawn,2,99550.0,49775.0,2026-03-20 23:15:45.877
Byron Shire Council,Shed,Determined,1,28000.0,28000.0,2026-03-22 08:43:36.37
Byron Shire Council,Shed,Withdrawn,1,250000.0,250000.0,2026-03-20 22:49:01.48
Byron Shire Council,Small bar,Withdrawn,1,4591600.0,4591600.0,2026-03-20 22:39:00.973
Byron Shire Council,Stratum / community title subdivision,Determined,2,3689400.0,1844700.0,2026-03-28 22:29:55.987
Byron Shire Council,Subdivision of land,Deferred Commencement,1,1100000.0,1100000.0,2026-03-21 23:03:08.347
Byron Shire Council,Subdivision of land,Determined,2,16000.0,8000.0,2026-03-20 23:06:30.527
Byron Shire Council,Subdivision of land,Withdrawn,2,50900.0,25450.0,2026-03-20 23:25:24.793
Cabonne Shire Council,Dwelling,Determined,1,240000.0,240000.0,2026-03-22 08:11:43.287
Cabonne Shire Council,Shed,Determined,1,240000.0,240000.0,2026-03-22 08:11:43.287
Camden Council,Alterations and additions to commercial,Determined,1,10000.0,10000.0,2026-03-20 22:49:52.653
Camden Council,Alterations and additions to commercial development,Determined,3,269100.0,89700.0,2026-03-22 07:57:48.593
Camden Council,Alterations and additions to industrial development,Determined,1,5000.0,5000.0,2026-03-22 08:44:02.167
Camden Council,Alterations and additions to residential development,Determined,10,1461377.0899999999,162375.2322222222,2026-03-22 08:43:59.623
Camden Council,Attached dwelling,Determined,1,1760810.0,1760810.0,2026-03-22 08:38:19.12
Camden Council,"Balconies, decks, patios, terraces or verandahs",Determined,4,1000530.0,250132.5,2026-03-22 08:20:27.017
Camden Council,Centre based childcare,Determined,2,2724332.0,1362166.0,2026-03-20 23:20:33.957
Camden Council,Change of use,Determined,5,486546.0,97309.2,2026-03-22 08:20:22.42
Camden Council,Demolition,Determined,1,200000.0,200000.0,2026-03-28 23:51:51.623
Camden Council,Dual occupancy,Determined,4,2254699.0,563674.75,2026-03-20 23:10:03.37
Camden Council,Dwelling,Determined,88,37835077.0,429944.0568181818,2026-03-28 23:50:02.31
Camden Council,Dwelling,Rejected,1,364573.0,364573.0,2026-03-20 22:48:06.077
Camden Council,Dwelling,Withdrawn,7,2151116.0,307302.28571428574,2026-03-28 23:47:46.407
Camden Council,Earthworks / change in levels,Determined,4,3000810.0,750202.5,2026-03-22 08:38:19.12
Camden Council,Farm buildings,Withdrawn,1,120000.0,120000.0,2026-03-20 23:06:07.197
Camden Council,"Garages, carports and car parking spaces",Determined,4,1036049.0,259012.25,2026-03-20 23:10:03.37
Camden Council,Home business,Determined,2,3000.0,1500.0,2026-03-22 07:40:19.667
Camden Council,Home business,Withdrawn,1,1000.0,1000.0,2026-03-20 22:44:27.443
Camden Council,Industrial development,Determined,3,3105000.0,1035000.0,2026-03-22 08:44:02.167
Camden Council,Multi-dwelling housing,Determined,1,2500000.0,2500000.0,2026-03-20 23:21:26.377
Camden Council,Multi-dwelling housing,Withdrawn,1,6589000.0,6589000.0,2026-03-20 22:33:55.017
Camden Council,Office premises,Determined,2,582482.7,291241.35,2026-03-20 23:16:32.003
Camden Council,Other,Determined,11,1989700.0,221077.77777777778,2026-03-28 23:46:26.383
Camden Council,Other,Rejected,1,5000.0,5000.0,2026-03-20 23:06:36.813
Camden Council,Other,Withdrawn,2,563000.0,281500.0,2026-03-22 08:11:42.767
Camden Council,Pools / decks / fencing,Determined,14,3557349.0,254096.35714285713,2026-03-28 23:47:48.657
Camden Council,Pools / decks / fencing,Withdrawn,1,53000.0,53000.0,2026-03-28 23:26:08.203
Camden Council,Recreational Uses,Determined,1,200000.0,200000.0,2026-03-28 23:51:51.623
Camden Council,Retail premises ,Determined,1,0.0,0.0,2026-03-20 22:39:39.887
Camden Council,"Retaining walls, protection of trees",Determined,1,19000.0,19000.0,2026-03-20 22:41:31.08
Camden Council,"Retaining walls, protection of trees",Withdrawn,6,45000.0,7500.0,2026-03-20 23:25:43.307
Camden Council,Secondary dwelling,Determined,15,5780675.0,385378.3333333333,2026-03-28 23:50:02.31
Camden Council,Secondary dwelling,Rejected,1,364573.0,364573.0,2026-03-20 22:48:06.077
Camden Council,Secondary dwelling,Withdrawn,1,400000.0,400000.0,2026-03-22 07:39:50.39
Camden Council,Semi-attached dwelling,Determined,1,450000.0,450000.0,2026-03-20 22:49:09.78
Camden Council,Semi-attached dwelling,Rejected,1,300.0,300.0,2026-03-20 23:30:49.79
Camden Council,Shed,Determined,5,980000.0,196000.0,2026-03-27 22:38:11.867
Camden Council,Signage,Determined,1,3000.0,3000.0,2026-03-20 22:28:49.137
Camden Council,Stratum / community title subdivision,Determined,1,17761332.0,17761332.0,2026-03-20 23:06:12.18
Camden Council,Subdivision of land,Deferred Commencement,1,,,2026-03-20 22:53:28.963
Camden Council,Subdivision of land,Determined,18,17970747.95,1057102.8205882353,2026-03-28 23:34:26.777
Campbelltown City Council,Alterations and additions to commercial development,Determined,3,407009.9,135669.96666666667,2026-03-22 08:32:55.593
Campbelltown City Council,Alterations and additions to commercial development,Withdrawn,1,25000.0,25000.0,2026-03-28 22:25:25.033
Campbelltown City Council,Alterations and additions to industrial,Determined,1,100000.0,100000.0,2026-03-20 23:00:13.33
Campbelltown City Council,Alterations and additions to residential development,Determined,7,1154200.0,164885.7142857143,2026-03-28 23:55:10.973
Campbelltown City Council,Alterations and additions to residential development,Withdrawn,3,829905.0,276635.0,2026-03-22 08:40:51.197
Campbelltown City Council,Attached dwelling,Determined,1,225000.0,225000.0,2026-03-22 08:38:15.5
Campbelltown City Council,"Balconies, decks, patios, terraces or verandahs",Determined,1,60000.0,60000.0,2026-03-20 22:52:14.65
Campbelltown City Council,Centre based childcare,Determined,1,0.0,0.0,2026-03-20 22:38:41.463
Campbelltown City Council,Change of use,Determined,3,2942278.0,980759.3333333334,2026-03-28 23:48:52.867
Campbelltown City Council,Commercial development,Determined,1,0.0,0.0,2026-03-20 23:20:04.48
Campbelltown City Council,Demolition,Determined,3,1300250.0,433416.6666666667,2026-03-20 23:10:05.247
Campbelltown City Council,Dual occupancy,Determined,4,2170250.0,542562.5,2026-03-20 23:25:54.053
Campbelltown City Council,Dual occupancy,Withdrawn,1,440000.0,440000.0,2026-03-22 08:40:51.197
Campbelltown City Council,Dwelling,Determined,80,68592723.0,868262.3164556962,2026-03-22 08:39:18.513
Campbelltown City Council,Dwelling,Withdrawn,6,3090129.0,515021.5,2026-03-22 08:40:51.197
Campbelltown City Council,Farm buildings,Determined,1,61636.8,61636.8,2026-03-22 07:34:37.38
Campbelltown City Council,"Garages, carports and car parking spaces",Determined,3,605250.0,201750.0,2026-03-28 23:51:41.857
Campbelltown City Council,"Garages, carports and car parking spaces",Withdrawn,1,45680.0,45680.0,2026-03-20 22:33:45.763
Campbelltown City Council,Home business,Determined,3,0.0,0.0,2026-03-22 08:32:31.197
Campbelltown City Council,Home business,Withdrawn,1,0.0,0.0,2026-03-20 22:35:25.693
Campbelltown City Council,Multi-dwelling housing,Determined,2,4437636.0,2218818.0,2026-03-20 23:20:57.12
Campbelltown City Council,Other,Deferred Commencement,1,0.0,0.0,2026-03-20 22:27:25.24
Campbelltown City Council,Other,Determined,4,897000.0,224250.0,2026-03-22 08:43:41.653
Campbelltown City Council,Other,Withdrawn,2,70000.0,70000.0,2026-03-22 08:23:23.25
Campbelltown City Council,Place of public worship,Determined,1,328629.9,328629.9,2026-03-22 08:32:55.593
Campbelltown City Council,Pools / decks / fencing,Determined,3,173597.0,57865.666666666664,2026-03-22 07:45:13.69
Campbelltown City Council,Pools / decks / fencing,Withdrawn,3,1303812.5,434604.1666666667,2026-03-28 23:51:41.303
Campbelltown City Council,Restaurant or cafe,Determined,1,1300000.0,1300000.0,2026-03-22 08:04:34.47
Campbelltown City Council,"Retaining walls, protection of trees",Determined,1,301084.0,301084.0,2026-03-20 23:30:55.27
Campbelltown City Council,"Retaining walls, protection of trees",Withdrawn,1,808500.0,808500.0,2026-03-20 23:09:57.843
Campbelltown City Council,Secondary dwelling,Determined,6,2538787.0,423131.1666666667,2026-03-27 22:40:46.507
Campbelltown City Council,Secondary dwelling,Rejected,1,105000.0,105000.0,2026-03-20 22:46:07.46
Campbelltown City Council,Secondary dwelling,Withdrawn,1,70225.0,70225.0,2026-03-20 22:26:39.31
Campbelltown City Council,Semi-attached dwelling,Determined,1,400000.0,400000.0,2026-03-20 22:49:02.927
Campbelltown City Council,Shed,Determined,3,191632.0,63877.333333333336,2026-03-20 23:20:58.53
Campbelltown City Council,Signage,Determined,2,4100.0,2050.0,2026-03-20 23:14:50.593
Campbelltown City Council,Signage,Withdrawn,1,25000.0,25000.0,2026-03-28 22:25:25.033
Campbelltown City Council,Subdivision of land,Determined,6,2175646.48,435129.296,2026-03-20 23:10:05.247
Canterbury-Bankstown Council,Alterations and additions to commercial development,Determined,17,10765184.5,717678.9666666667,2026-03-22 08:40:49.18
Canterbury-Bankstown Council,Alterations and additions to commercial development,Withdrawn,1,330120.0,330120.0,2026-03-20 22:53:53.297
Canterbury-Bankstown Council,Alterations and additions to industrial development,Determined,6,5960020.0,993336.6666666666,2026-03-22 08:40:53.65
Canterbury-Bankstown Council,Alterations and additions to industrial development,Withdrawn,1,24000.0,24000.0,2026-03-20 22:54:24.767
Canterbury-Bankstown Council,Alterations and additions to residential development,Deferred Commencement,1,22660.0,22660.0,2026-03-20 23:11:38.407
Canterbury-Bankstown Council,Alterations and additions to residential development,Determined,30,4512649.0,150421.63333333333,2026-03-28 23:51:34.597
Canterbury-Bankstown Council,Alterations and additions to residential development,Operational consent issued,1,425000.0,425000.0,2026-03-20 23:24:39.613
Canterbury-Bankstown Council,Alterations and additions to residential development,Withdrawn,3,517018.0,172339.33333333334,2026-03-22 08:23:45.803
Canterbury-Bankstown Council,Attached dwelling,Determined,4,1574781.0,524927.0,2026-03-22 07:39:58.08
Canterbury-Bankstown Council,"Balconies, decks, patios, terraces or verandahs",Determined,12,3525666.0,320515.0909090909,2026-03-28 23:42:10.313
Canterbury-Bankstown Council,"Balconies, decks, patios, terraces or verandahs",Withdrawn,1,15000.0,15000.0,2026-03-20 23:05:09.373
Canterbury-Bankstown Council,Boarding house,Determined,1,2999002.0,2999002.0,2026-03-20 22:38:12.183
Canterbury-Bankstown Council,Business premises,Determined,1,25000.0,25000.0,2026-03-22 08:32:58.407
Canterbury-Bankstown Council,Centre based childcare,Deferred Commencement,1,3388000.0,3388000.0,2026-03-20 22:59:53.367
Canterbury-Bankstown Council,Centre based childcare,Determined,1,1008559.0,1008559.0,2026-03-20 22:42:49.957
Canterbury-Bankstown Council,Change of use,Determined,3,25000.0,8333.333333333334,2026-03-22 08:32:58.407
Canterbury-Bankstown Council,Change of use,Withdrawn,1,55000.0,55000.0,2026-03-22 08:20:22.917
Canterbury-Bankstown Council,Demolition,Determined,56,44750725.099999994,828717.1314814814,2026-03-28 23:53:33.883
Canterbury-Bankstown Council,Demolition,Withdrawn,5,3898549.0,779709.8,2026-03-22 08:04:54.803
Canterbury-Bankstown Council,Dual occupancy,Deferred Commencement,2,1502410.0,751205.0,2026-03-20 22:54:14.403
Canterbury-Bankstown Council,Dual occupancy,Determined,65,46514340.980000004,775239.0163333334,2026-03-28 23:53:33.883
Canterbury-Bankstown Council,Dual occupancy,Withdrawn,8,7871794.17,983974.27125,2026-03-27 22:40:20.917
Canterbury-Bankstown Council,Dwelling,Additional Information Requested,1,,,2026-03-20 22:58:08.433
Canterbury-Bankstown Council,Dwelling,Determined,36,21659769.11,676867.7846875,2026-03-28 21:59:13.23
Canterbury-Bankstown Council,Earthworks / change in levels,Determined,2,6249036.51,3124518.255,2026-03-20 22:49:01.03
Canterbury-Bankstown Council,Educational establishment ,Determined,1,,,2026-03-20 22:59:07.063
Canterbury-Bankstown Council,Flood mitigation work,Determined,1,5459311.0,5459311.0,2026-03-20 22:49:01.03
Canterbury-Bankstown Council,Food and drink premises,Withdrawn,1,24000.0,24000.0,2026-03-20 22:54:24.767
Canterbury-Bankstown Council,"Garages, carports and car parking spaces",Determined,8,1632434.0,233204.85714285713,2026-03-28 23:48:50.423
Canterbury-Bankstown Council,Health services facilities,Determined,2,60000.0,30000.0,2026-03-20 23:09:59.15
Canterbury-Bankstown Council,Home business,Determined,1,0.0,0.0,2026-03-22 08:44:06.52
Canterbury-Bankstown Council,Industrial development,Determined,3,438000.0,146000.0,2026-03-22 07:26:08.567
Canterbury-Bankstown Council,Mixed use development,Determined,3,33721186.0,11240395.333333334,2026-03-28 23:52:29.683
Canterbury-Bankstown Council,Multi-dwelling housing,Determined,2,1476523.49,1476523.49,2026-03-20 22:54:40.397
Canterbury-Bankstown Council,Multi-dwelling housing,Withdrawn,1,687100.0,687100.0,2026-03-20 22:42:57.287
Canterbury-Bankstown Council,Other,Deferred Commencement,1,514100.0,514100.0,2026-03-20 22:54:14.403
Canterbury-Bankstown Council,Other,Determined,16,2825579.2,188371.94666666668,2026-03-28 23:52:35.493
Canterbury-Bankstown Council,Other,Withdrawn,1,330120.0,330120.0,2026-03-20 22:53:53.297
Canterbury-Bankstown Council,Place of public worship,Withdrawn,1,55000.0,55000.0,2026-03-22 08:20:22.917
Canterbury-Bankstown Council,Pools / decks / fencing,Determined,25,11409892.3,475412.1791666667,2026-03-22 08:43:53.757
Canterbury-Bankstown Council,Pools / decks / fencing,Withdrawn,1,1163258.0,1163258.0,2026-03-20 22:43:42.54
Canterbury-Bankstown Council,Pub,Determined,1,0.0,0.0,2026-03-20 22:47:42.973
Canterbury-Bankstown Council,Residential flat building,Determined,4,6424356.98,1606089.245,2026-03-22 08:36:22.63
Canterbury-Bankstown Council,Restaurant or cafe,Determined,4,869500.0,217375.0,2026-03-22 08:16:31.16
Canterbury-Bankstown Council,Restaurant or cafe,Withdrawn,1,330120.0,330120.0,2026-03-20 22:53:53.297
Canterbury-Bankstown Council,Retail premises ,Determined,2,35680784.0,17840392.0,2026-03-22 07:26:03.83
Canterbury-Bankstown Council,Secondary dwelling,Deferred Commencement,2,1010970.0,505485.0,2026-03-20 23:11:38.407
Canterbury-Bankstown Council,Secondary dwelling,Determined,38,8874610.23,246516.95083333334,2026-03-28 23:48:59.707
Canterbury-Bankstown Council,Secondary dwelling,Withdrawn,5,1935728.0,387145.6,2026-03-22 08:23:45.803
Canterbury-Bankstown Council,Semi-attached dwelling,Determined,1,1138522.0,1138522.0,2026-03-20 23:06:26.72
Canterbury-Bankstown Council,Shed,Determined,1,17872.0,17872.0,2026-03-22 07:44:42.077
Canterbury-Bankstown Council,Shed,Withdrawn,1,1100000.0,1100000.0,2026-03-22 08:04:54.803
Canterbury-Bankstown Council,Shop top housing,Determined,3,33062784.0,16531392.0,2026-03-28 23:52:29.683
Canterbury-Bankstown Council,Signage,Determined,7,3559110.0,508444.28571428574,2026-03-22 07:25:19.3
Canterbury-Bankstown Council,Stormwater management systems,Determined,2,763363.0,381681.5,2026-03-20 22:44:19.103
Canterbury-Bankstown Council,Subdivision of land,Deferred Commencement,1,514100.0,514100.0,2026-03-20 22:54:14.403
Canterbury-Bankstown Council,Subdivision of land,Determined,34,24644899.62,770153.113125,2026-03-28 23:53:33.883
Canterbury-Bankstown Council,Subdivision of land,Withdrawn,5,4032217.0,806443.4,2026-03-22 08:04:54.803
Canterbury-Bankstown Council,Take-away food and drink premises,Determined,2,50500.0,25250.0,2026-03-20 22:59:51.66
Canterbury-Bankstown Council,Waste and resource management facilities ,Determined,1,286550.0,286550.0,2026-03-20 22:45:49.433
Central Coast Council,Alterations and additions to commercial development,Determined,7,4559056.8,651293.8285714285,2026-03-22 08:10:45.227
Central Coast Council,Alterations and additions to commercial development,Withdrawn,2,117700.0,58850.0,2026-03-28 23:29:46.087
Central Coast Council,Alterations and additions to industrial development,Determined,1,482843.24,482843.24,2026-03-22 07:44:18.04
Central Coast Council,Alterations and additions to residential development,Determined,133,20468326.0,153897.18796992482,2026-03-28 23:53:40.293
Central Coast Council,Alterations and additions to residential development,Withdrawn,7,920965.0,131566.42857142858,2026-03-22 07:25:46.447
Central Coast Council,Attached dwelling,Withdrawn,1,490000.0,490000.0,2026-03-20 22:59:23.467
Central Coast Council,"Balconies, decks, patios, terraces or verandahs",Deferred Commencement,1,950000.0,950000.0,2026-03-20 22:54:26.917
Central Coast Council,"Balconies, decks, patios, terraces or verandahs",Determined,30,2971776.0,99059.2,2026-03-28 23:52:36.097
Central Coast Council,"Balconies, decks, patios, terraces or verandahs",Withdrawn,2,125965.0,62982.5,2026-03-20 23:25:09.61
Central Coast Council,Bed and breakfast accommodation,Determined,1,1807132.0,1807132.0,2026-03-22 07:34:41.723
Central Coast Council,Boarding house,Determined,1,754896.0,754896.0,2026-03-20 22:27:55.37
Central Coast Council,Business premises,Determined,1,65000.0,65000.0,2026-03-20 22:43:36.15
Central Coast Council,Centre based childcare,Determined,2,2357610.0,2357610.0,2026-03-22 08:16:58.707
Central Coast Council,Change of use,Determined,4,32000.0,8000.0,2026-03-28 23:29:15.4
Central Coast Council,Demolition,Determined,23,8073242.6,366965.5727272727,2026-03-28 23:50:06.467
Central Coast Council,Demolition,Withdrawn,1,490000.0,490000.0,2026-03-20 22:59:23.467
Central Coast Council,Dual occupancy,Determined,13,6320697.0,574608.8181818182,2026-03-22 07:37:45.93
Central Coast Council,Dual occupancy,Withdrawn,1,700000.0,700000.0,2026-03-20 23:09:44.183
Central Coast Council,Dwelling,Deferred Commencement,1,950000.0,950000.0,2026-03-20 22:54:26.917
Central Coast Council,Dwelling,Determined,83,33527779.6,419097.245,2026-03-28 23:52:34.903
Central Coast Council,Dwelling,Under Assessment,1,672355.0,672355.0,2026-03-20 23:24:52.843
Central Coast Council,Dwelling,Withdrawn,3,1486534.0,495511.3333333333,2026-03-22 08:43:29.013
Central Coast Council,Earthworks / change in levels,Determined,3,2260000.0,753333.3333333334,2026-03-22 07:37:43.78
Central Coast Council,Farm buildings,Determined,2,2150000.0,1075000.0,2026-03-22 07:37:43.78
Central Coast Council,"Garages, carports and car parking spaces",Determined,26,1806565.0,69483.26923076923,2026-03-28 22:32:38.643
Central Coast Council,"Garages, carports and car parking spaces",Withdrawn,2,118465.0,59232.5,2026-03-28 23:29:43.11
Central Coast Council,Group homes ,Determined,1,842050.0,842050.0,2026-03-20 23:06:03.857
Central Coast Council,Group homes ,Withdrawn,1,1330000.0,1330000.0,2026-03-22 08:28:34.69
Central Coast Council,Health services facilities,Under Assessment,1,1548250.0,1548250.0,2026-03-20 23:04:38.807
Central Coast Council,Health services facilities,Withdrawn,1,330000.0,330000.0,2026-03-20 22:56:24.817
Central Coast Council,Home business,Determined,3,10000.0,3333.3333333333335,2026-03-28 23:48:02.06
Central Coast Council,Industrial development,Determined,4,10724706.0,2681176.5,2026-03-20 23:04:30.587
Central Coast Council,Industrial development,Withdrawn,1,2200000.0,2200000.0,2026-03-20 23:21:12.363
Central Coast Council,Multi-dwelling housing,Determined,3,2782000.0,927333.3333333334,2026-03-20 23:20:22.92
Central Coast Council,Other,Determined,19,33827400.0,1780389.4736842106,2026-03-22 07:37:43.78
Central Coast Council,Other,Withdrawn,5,2200000.0,440000.0,2026-03-20 23:04:52.42
Central Coast Council,Place of public worship,Withdrawn,1,1136534.0,1136534.0,2026-03-20 22:45:23.78
Central Coast Council,Pools / decks / fencing,Deferred Commencement,1,950000.0,950000.0,2026-03-20 22:54:26.917
Central Coast Council,Pools / decks / fencing,Determined,57,10872082.0,190738.28070175438,2026-03-28 23:53:40.95
Central Coast Council,Pools / decks / fencing,Withdrawn,1,155000.0,155000.0,2026-03-20 22:43:19.31
Central Coast Council,"Port, wharf, boating facilities",Determined,1,40000.0,40000.0,2026-03-20 22:49:05.893
Central Coast Council,Recreational Uses,Determined,2,0.0,0.0,2026-03-20 23:04:55.263
Central Coast Council,Residential flat building,Determined,3,59673084.0,19891028.0,2026-03-22 08:40:57.857
Central Coast Council,Residential flat building,Withdrawn,1,500000.0,500000.0,2026-03-20 22:59:13.887
Central Coast Council,Restaurant or cafe,Under Assessment,1,1548250.0,1548250.0,2026-03-20 23:04:38.807
Central Coast Council,"Retaining walls, protection of trees",Deferred Commencement,1,950000.0,950000.0,2026-03-20 22:54:26.917
Central Coast Council,"Retaining walls, protection of trees",Determined,7,2784253.0,397750.4285714286,2026-03-22 08:31:30.45
Central Coast Council,Secondary dwelling,Determined,32,4756472.0,153434.5806451613,2026-03-28 23:51:09.68
Central Coast Council,Secondary dwelling,Withdrawn,1,141650.0,141650.0,2026-03-20 23:05:01.123
Central Coast Council,Shed,Determined,30,3213159.0,107105.3,2026-03-28 23:52:21.19
Central Coast Council,Shed,Withdrawn,1,10000.0,10000.0,2026-03-20 22:38:45.763
Central Coast Council,Signage,Determined,1,269500.0,269500.0,2026-03-20 22:50:14.423
Central Coast Council,Stormwater management systems,Determined,2,673618.0,336809.0,2026-03-28 23:57:52.29
Central Coast Council,Stratum / community title subdivision,Determined,1,0.0,0.0,2026-03-22 08:36:38.32
Central Coast Council,Stratum / community title subdivision,Withdrawn,1,0.0,0.0,2026-03-28 22:03:33.297
Central Coast Council,Subdivision of land,Determined,13,4285846.0,357153.8333333333,2026-03-22 07:37:45.93
Central Coast Council,Subdivision of land,Withdrawn,1,0.0,0.0,2026-03-28 22:03:33.297
Central Coast Council,Take-away food and drink premises,Determined,1,0.0,0.0,2026-03-22 08:38:10.123
Central Coast Council,Telecommunications and communication facilities,Determined,1,60000.0,60000.0,2026-03-22 07:34:54.037
Cessnock City Council,Alterations and additions to commercial development,Determined,2,410578.0,205289.0,2026-03-28 22:13:23.643
Cessnock City Council,Alterations and additions to residential development,Determined,5,847160.0,169432.0,2026-03-28 23:58:00.793
Cessnock City Council,Alterations and additions to residential development,Rejected,1,295900.0,295900.0,2026-03-20 23:15:25.903
Cessnock City Council,Alterations and additions to residential development,Withdrawn,1,527410.0,527410.0,2026-03-22 08:31:40.67
Cessnock City Council,Attached dwelling,Determined,1,40000.0,40000.0,2026-03-28 22:00:47.19
Cessnock City Council,"Balconies, decks, patios, terraces or verandahs",Determined,3,567049.0,189016.33333333334,2026-03-22 07:25:51.54
Cessnock City Council,"Balconies, decks, patios, terraces or verandahs",Withdrawn,1,527410.0,527410.0,2026-03-22 08:31:40.67
Cessnock City Council,Bed and breakfast accommodation,Withdrawn,1,527410.0,527410.0,2026-03-22 08:31:40.67
Cessnock City Council,Boarding house,Determined,1,1000000.0,1000000.0,2026-03-20 22:48:06.467
Cessnock City Council,Business premises,Determined,1,900000.0,900000.0,2026-03-20 23:05:18.85
Cessnock City Council,Change of use,Withdrawn,1,40000.0,40000.0,2026-03-20 23:14:22.553
Cessnock City Council,Demolition,Determined,2,265000.0,132500.0,2026-03-22 07:51:27.567
Cessnock City Council,Demolition,Withdrawn,1,527410.0,527410.0,2026-03-22 08:31:40.67
Cessnock City Council,Dual occupancy,Determined,4,1325397.0,331349.25,2026-03-22 07:51:27.567
Cessnock City Council,Dual occupancy,Withdrawn,1,316345.0,316345.0,2026-03-20 22:27:23.57
Cessnock City Council,Dwelling,Determined,35,12396719.0,354191.97142857144,2026-03-28 23:48:47.293
Cessnock City Council,Dwelling,Rejected,1,370835.0,370835.0,2026-03-20 23:20:40.27
Cessnock City Council,Dwelling,Withdrawn,2,667210.0,333605.0,2026-03-22 08:16:06.17
Cessnock City Council,Earthworks / change in levels,Determined,2,23000.0,11500.0,2026-03-22 08:23:31.013
Cessnock City Council,Earthworks / change in levels,Withdrawn,1,527410.0,527410.0,2026-03-22 08:31:40.67
Cessnock City Council,Farm buildings,Determined,1,72600.0,72600.0,2026-03-20 23:24:35.933
Cessnock City Council,"Garages, carports and car parking spaces",Determined,19,1840190.0,96852.1052631579,2026-03-28 23:51:30.627
Cessnock City Council,Hotel or motel accommodation,Determined,2,215128.0,215128.0,2026-03-28 22:26:09.07
Cessnock City Council,Industrial development,Determined,1,0.0,0.0,2026-03-20 22:35:10.433
Cessnock City Council,Other,Deferred Commencement,1,5000.0,5000.0,2026-03-20 22:42:44.23
Cessnock City Council,Other,Determined,5,11384482.0,2276896.4,2026-03-28 23:52:38.513
Cessnock City Council,Other,Rejected,1,200000.0,200000.0,2026-03-20 23:20:48.783
Cessnock City Council,Other,Withdrawn,1,527410.0,527410.0,2026-03-22 08:31:40.67
Cessnock City Council,Pools / decks / fencing,Determined,5,1195168.0,239033.6,2026-03-22 08:21:04.167
Cessnock City Council,Pools / decks / fencing,Withdrawn,1,527410.0,527410.0,2026-03-22 08:31:40.67
Cessnock City Council,Recreational Uses,Determined,1,434060.0,434060.0,2026-03-20 23:06:41.57
Cessnock City Council,Retail premises ,Determined,1,5000.0,5000.0,2026-03-20 22:51:21.597
Cessnock City Council,"Retaining walls, protection of trees",Determined,6,890022.0,148337.0,2026-03-20 23:30:53.297
Cessnock City Council,Secondary dwelling,Determined,2,471995.0,235997.5,2026-03-22 07:25:51.54
Cessnock City Council,Semi-attached dwelling,Determined,1,245000.0,245000.0,2026-03-28 23:58:00.793
Cessnock City Council,Shed,Determined,14,472750.0,33767.857142857145,2026-03-28 22:03:09.63
Cessnock City Council,Stratum / community title subdivision,Determined,1,,,2026-03-20 23:09:45.763
Cessnock City Council,Subdivision of land,Deferred Commencement,1,10000.0,10000.0,2026-03-20 23:20:16.53
Cessnock City Council,Subdivision of land,Determined,10,5711801.0,571180.1,2026-03-28 22:58:10.787
City of Canada Bay Council,Alterations and additions to commercial development,Determined,4,2164100.0,541025.0,2026-03-22 08:32:03.58
City of Canada Bay Council,Alterations and additions to commercial development,Withdrawn,1,238812.0,238812.0,2026-03-20 22:55:19.93
City of Canada Bay Council,Alterations and additions to residential development,Deferred Commencement,1,959290.0,959290.0,2026-03-28 22:15:40.107
City of Canada Bay Council,Alterations and additions to residential development,Determined,6,2768679.0,461446.5,2026-03-22 07:40:04.683
City of Canada Bay Council,"Balconies, decks, patios, terraces or verandahs",Determined,1,600000.0,600000.0,2026-03-20 22:54:50.72
City of Canada Bay Council,Change of use,Determined,1,1334100.0,1334100.0,2026-03-22 08:32:03.58
City of Canada Bay Council,Demolition,Deferred Commencement,1,959290.0,959290.0,2026-03-28 22:15:40.107
City of Canada Bay Council,Demolition,Determined,9,7465900.0,829544.4444444445,2026-03-27 22:39:00.437
City of Canada Bay Council,Demolition,Withdrawn,1,734195.0,734195.0,2026-03-20 22:39:11.15
City of Canada Bay Council,Dual occupancy,Determined,6,5974600.0,995766.6666666666,2026-03-20 23:08:59.06
City of Canada Bay Council,Dual occupancy,Withdrawn,2,1754195.0,877097.5,2026-03-20 22:39:11.15
City of Canada Bay Council,Dwelling,Deferred Commencement,1,959290.0,959290.0,2026-03-28 22:15:40.107
City of Canada Bay Council,Dwelling,Determined,6,4151585.0,691930.8333333334,2026-03-27 22:39:00.437
City of Canada Bay Council,Dwelling,Operational consent issued,1,809000.0,809000.0,2026-03-20 23:21:06.067
City of Canada Bay Council,Dwelling,Withdrawn,1,1210.0,1210.0,2026-03-20 23:06:02.263
City of Canada Bay Council,"Garages, carports and car parking spaces",Determined,2,25000.0,12500.0,2026-03-20 22:38:49.63
City of Canada Bay Council,Mixed use development,Determined,1,1334100.0,1334100.0,2026-03-22 08:32:03.58
City of Canada Bay Council,Mixed use development,Withdrawn,1,28353643.0,28353643.0,2026-03-20 22:33:53.897
City of Canada Bay Council,Pools / decks / fencing,Deferred Commencement,1,959290.0,959290.0,2026-03-28 22:15:40.107
City of Canada Bay Council,Pools / decks / fencing,Determined,5,1926800.0,385360.0,2026-03-22 07:40:04.683
City of Canada Bay Council,Recreational Uses,Determined,1,80000.0,80000.0,2026-03-20 22:46:33.59
City of Canada Bay Council,Residential flat building,Determined,1,1334100.0,1334100.0,2026-03-22 08:32:03.58
City of Canada Bay Council,Retail premises ,Determined,2,1484100.0,742050.0,2026-03-22 08:32:03.58
City of Canada Bay Council,Secondary dwelling,Determined,3,294802.0,98267.33333333333,2026-03-22 08:38:20.24
City of Canada Bay Council,Signage,Determined,4,291700.0,72925.0,2026-03-20 22:52:21.29
City of Canada Bay Council,Stratum / community title subdivision,Determined,2,1674600.0,837300.0,2026-03-20 22:38:48.727
City of Canada Bay Council,Subdivision of land,Determined,2,650000.0,650000.0,2026-03-20 22:53:56.097
City of Canada Bay Council,Subdivision of land,Withdrawn,1,734195.0,734195.0,2026-03-20 22:39:11.15
City of Parramatta Council,Alterations and additions to commercial development,Determined,10,4466600.0,496288.8888888889,2026-03-22 08:10:52.623
City of Parramatta Council,Alterations and additions to commercial development,Rejected,1,642340.0,642340.0,2026-03-20 22:33:40.883
City of Parramatta Council,Alterations and additions to commercial development,Withdrawn,1,0.0,0.0,2026-03-20 22:50:56.53
City of Parramatta Council,Alterations and additions to industrial development,Determined,1,,,2026-03-20 22:33:55.093
City of Parramatta Council,Alterations and additions to residential development,Determined,12,1922631.35,213625.70555555556,2026-03-22 07:37:40.57
City of Parramatta Council,Attached dwelling,Determined,1,669061.0,669061.0,2026-03-20 22:27:41.88
City of Parramatta Council,"Balconies, decks, patios, terraces or verandahs",Determined,6,723217.0,120536.16666666667,2026-03-22 07:58:50.863
City of Parramatta Council,"Balconies, decks, patios, terraces or verandahs",Rejected,1,5000.0,5000.0,2026-03-20 22:44:03.373
City of Parramatta Council,Boarding house,Deferred Commencement,1,760000.0,760000.0,2026-03-20 22:48:26.5
City of Parramatta Council,Boarding house,Determined,3,2024300.0,674766.6666666666,2026-03-21 23:03:09.043
City of Parramatta Council,Business premises,Determined,2,115000.0,57500.0,2026-03-22 07:37:15.14
City of Parramatta Council,Centre based childcare,Withdrawn,1,10000.0,10000.0,2026-03-20 22:38:08.747
City of Parramatta Council,Change of use,Determined,5,965000.0,193000.0,2026-03-22 07:34:16.997
City of Parramatta Council,Change of use,Withdrawn,2,12000.0,6000.0,2026-03-20 22:48:20.557
City of Parramatta Council,Demolition,Deferred Commencement,2,1550000.0,775000.0,2026-03-22 07:40:14.78
City of Parramatta Council,Demolition,Determined,24,21708746.03,904531.0845833333,2026-03-28 23:53:39.597
City of Parramatta Council,Demolition,Rejected,1,1660362.0,1660362.0,2026-03-20 22:27:55.253
City of Parramatta Council,Demolition,Withdrawn,4,3381650.0,845412.5,2026-03-20 23:19:53.01
City of Parramatta Council,Dual occupancy,Deferred Commencement,2,1550000.0,775000.0,2026-03-22 07:40:14.78
City of Parramatta Council,Dual occupancy,Determined,30,20676024.0,795231.6923076923,2026-03-22 08:22:57.173
City of Parramatta Council,Dual occupancy,Rejected,2,60000.0,60000.0,2026-03-21 22:57:57.053
City of Parramatta Council,Dual occupancy,Withdrawn,6,4338011.8,723001.9666666667,2026-03-20 23:21:23.627
City of Parramatta Council,Dwelling,Determined,32,20313525.0,752352.7777777778,2026-03-28 23:48:13.963
City of Parramatta Council,Dwelling,Withdrawn,4,2434000.0,608500.0,2026-03-22 07:52:10.657
City of Parramatta Council,Earthworks / change in levels,Withdrawn,1,18000.0,18000.0,2026-03-28 23:48:54.72
City of Parramatta Council,Educational establishment ,Determined,2,0.0,0.0,2026-03-20 23:16:52.13
City of Parramatta Council,"Garages, carports and car parking spaces",Determined,2,1297940.0,648970.0,2026-03-20 22:56:12.047
City of Parramatta Council,"Garages, carports and car parking spaces",Withdrawn,1,7500.0,7500.0,2026-03-22 08:10:15.23
City of Parramatta Council,Health services facilities,Determined,1,186531.0,186531.0,2026-03-22 08:20:51.35
City of Parramatta Council,Health services facilities,Rejected,1,10000.0,10000.0,2026-03-20 22:47:25.517
City of Parramatta Council,Home business,Withdrawn,1,0.0,0.0,2026-03-20 22:44:43.877
City of Parramatta Council,Industrial development,Determined,3,0.0,0.0,2026-03-22 08:44:10.397
City of Parramatta Council,Mixed use development,Determined,2,10777315.0,5388657.5,2026-03-22 08:31:36.207
City of Parramatta Council,Mixed use development,Withdrawn,1,9553015.0,9553015.0,2026-03-20 22:33:42.423
City of Parramatta Council,Multi-dwelling housing,Determined,2,1649431.0,824715.5,2026-03-20 22:57:13.63
City of Parramatta Council,Multi-dwelling housing,Rejected,1,1660362.0,1660362.0,2026-03-20 22:27:55.253
City of Parramatta Council,Multi-dwelling housing,Withdrawn,1,2998718.03,2998718.03,2026-03-20 22:50:52.933
City of Parramatta Council,Other,Determined,13,2226120.81,171240.0623076923,2026-03-22 07:44:55.02
City of Parramatta Council,Other,Rejected,1,0.0,0.0,2026-03-20 23:21:20.22
City of Parramatta Council,Other,Withdrawn,1,,,2026-03-20 22:38:00.227
City of Parramatta Council,Out of school hours care,Determined,1,0.0,0.0,2026-03-20 23:04:06.82
City of Parramatta Council,Out of school hours care,Rejected,1,15000.0,15000.0,2026-03-20 22:43:45.06
City of Parramatta Council,Pools / decks / fencing,Determined,9,9530043.35,1058893.7055555554,2026-03-22 08:21:06.703
City of Parramatta Council,Pools / decks / fencing,Withdrawn,3,1627800.0,542600.0,2026-03-28 23:48:54.72
City of Parramatta Council,Recreational Uses,Determined,2,1.0,0.5,2026-03-20 22:44:25.987
City of Parramatta Council,Residential flat building,Determined,1,0.0,0.0,2026-03-20 22:50:35.18
City of Parramatta Council,Restaurant or cafe,Determined,2,40000.0,20000.0,2026-03-20 22:47:39.743
City of Parramatta Council,Restaurant or cafe,Withdrawn,1,150000.0,150000.0,2026-03-20 23:07:03.937
City of Parramatta Council,Retail premises ,Determined,2,2071300.0,1035650.0,2026-03-20 23:20:11.317
City of Parramatta Council,"Retaining walls, protection of trees",Determined,2,45000.0,22500.0,2026-03-20 23:21:25.347
City of Parramatta Council,"Retaining walls, protection of trees",Withdrawn,1,18000.0,18000.0,2026-03-28 23:48:54.72
City of Parramatta Council,Secondary dwelling,Deferred Commencement,1,900000.0,900000.0,2026-03-22 07:40:14.78
City of Parramatta Council,Secondary dwelling,Determined,8,2237337.0,279667.125,2026-03-22 08:16:59.24
City of Parramatta Council,Secondary dwelling,Withdrawn,5,674061.0,134812.2,2026-03-22 07:52:10.657
City of Parramatta Council,Semi-attached dwelling,Withdrawn,1,800000.0,800000.0,2026-03-20 22:37:40.89
City of Parramatta Council,Shed,Determined,2,1296200.0,648100.0,2026-03-20 22:44:34.54
City of Parramatta Council,Signage,Determined,8,127494.0,18213.428571428572,2026-03-22 07:34:16.997
City of Parramatta Council,Stormwater management systems,Determined,1,0.0,0.0,2026-03-22 07:34:34.127
City of Parramatta Council,Stratum / community title subdivision,Determined,1,607500.0,607500.0,2026-03-20 22:58:48.473
City of Parramatta Council,Subdivision of land,Deferred Commencement,2,1550000.0,775000.0,2026-03-22 07:40:14.78
City of Parramatta Council,Subdivision of land,Determined,24,12243068.0,510127.8333333333,2026-03-28 23:53:39.597
City of Parramatta Council,Subdivision of land,Withdrawn,5,1487825.0,297565.0,2026-03-20 23:21:23.627
Clarence Valley Council,Alterations and additions to residential development,Determined,4,220080.0,55020.0,2026-03-28 23:51:33.863
Clarence Valley Council,"Balconies, decks, patios, terraces or verandahs",Determined,1,93680.0,93680.0,2026-03-20 23:11:16.833
Clarence Valley Council,Dual occupancy,Determined,1,450000.0,450000.0,2026-03-20 22:38:25.05
Clarence Valley Council,Dwelling,Determined,16,6103611.319999999,381475.70749999996,2026-03-28 23:57:43.393
Clarence Valley Council,Dwelling,Withdrawn,1,292393.0,292393.0,2026-03-22 08:40:56.627
Clarence Valley Council,Earthworks / change in levels,Determined,1,12000.0,12000.0,2026-03-22 07:34:20.943
Clarence Valley Council,Hotel or motel accommodation,Determined,1,6000000.0,6000000.0,2026-03-20 22:58:17.503
Clarence Valley Council,Other,Determined,2,71608.9,71608.9,2026-03-28 23:48:53.567
Clarence Valley Council,Pools / decks / fencing,Determined,5,183770.0,36754.0,2026-03-22 08:35:02.273
Clarence Valley Council,"Retaining walls, protection of trees",Determined,1,12000.0,12000.0,2026-03-22 07:34:20.943
Clarence Valley Council,Secondary dwelling,Determined,1,60000.0,60000.0,2026-03-22 08:33:00.99
Clarence Valley Council,Shed,Determined,3,512290.0,170763.33333333334,2026-03-28 23:53:45.15
Clarence Valley Council,Stratum / community title subdivision,Determined,1,5000.0,5000.0,2026-03-20 23:01:25.11
Clarence Valley Council,Subdivision of land,Determined,3,7000.0,2333.3333333333335,2026-03-20 23:20:18.817
Coffs Harbour City Council,Alterations and additions to commercial development,Determined,1,55000.0,55000.0,2026-03-28 22:08:07.073
Coffs Harbour City Council,Alterations and additions to residential development,Determined,6,683400.0,113900.0,2026-03-28 23:51:27.513
Coffs Harbour City Council,Attached dwelling,Determined,1,163800.0,163800.0,2026-03-20 22:51:57.027
Coffs Harbour City Council,"Balconies, decks, patios, terraces or verandahs",Determined,2,114200.0,57100.0,2026-03-22 07:57:49.053
Coffs Harbour City Council,Boarding house,Determined,2,2556919.0,1278459.5,2026-03-20 22:38:35.767
Coffs Harbour City Council,Demolition,Determined,3,960000.0,320000.0,2026-03-28 23:50:10.18
Coffs Harbour City Council,Dual occupancy,Determined,5,1555000.0,311000.0,2026-03-28 22:21:30.667
Coffs Harbour City Council,Dwelling,Determined,15,8295135.55,553009.0366666666,2026-03-27 22:42:08.19
Coffs Harbour City Council,Dwelling,Under Assessment,1,185000.0,185000.0,2026-03-20 22:32:50.323
Coffs Harbour City Council,Farm buildings,Determined,1,97637.0,97637.0,2026-03-20 22:52:54.09
Coffs Harbour City Council,"Garages, carports and car parking spaces",Determined,3,392163.0,130721.0,2026-03-22 08:29:34.073
Coffs Harbour City Council,Industrial development,Determined,1,300000.0,300000.0,2026-03-28 23:57:47.867
Coffs Harbour City Council,Other,Determined,1,8200.0,8200.0,2026-03-20 22:49:54.367
Coffs Harbour City Council,Pools / decks / fencing,Determined,9,1192288.25,132476.47222222222,2026-03-28 23:57:51.137
Coffs Harbour City Council,"Retaining walls, protection of trees",Determined,2,406063.0,203031.5,2026-03-28 23:57:51.137
Coffs Harbour City Council,Secondary dwelling,Determined,3,396797.51,132265.83666666667,2026-03-28 23:53:35.79
Coffs Harbour City Council,Shed,Determined,1,22345.0,22345.0,2026-03-20 23:20:44.487
Coffs Harbour City Council,Shed,Withdrawn,1,22345.0,22345.0,2026-03-20 23:21:02.7
Coffs Harbour City Council,Subdivision of land,Determined,3,73278.0,24426.0,2026-03-28 23:48:45.353
Coolamon Shire Council,"Balconies, decks, patios, terraces or verandahs",Determined,1,12400.0,12400.0,2026-03-22 07:40:13.753
Cootamundra-Gundagai Regional Council,"Balconies, decks, patios, terraces or verandahs",Determined,1,42990.0,42990.0,2026-03-22 07:40:08.553
Council of the City of Sydney,Alterations and additions to commercial development,Determined,24,13424940.93,583693.0839130435,2026-03-29 00:00:10.857
Council of the City of Sydney,Alterations and additions to industrial development,Withdrawn,1,70000.0,70000.0,2026-03-20 23:01:19.3
Council of the City of Sydney,Alterations and additions to residential development,Determined,40,8989251.59,224731.28975,2026-03-28 23:59:57.923
Council of the City of Sydney,Alterations and additions to residential development,Rejected,1,47410.0,47410.0,2026-03-20 23:03:57.37
Council of the City of Sydney,Alterations and additions to residential development,Withdrawn,1,797500.0,797500.0,2026-03-20 23:04:23.87
Council of the City of Sydney,Attached dwelling,Determined,1,3000.0,3000.0,2026-03-22 08:35:03.24
Council of the City of Sydney,"Balconies, decks, patios, terraces or verandahs",Determined,6,1048469.21,174744.86833333332,2026-03-28 23:34:20.977
Council of the City of Sydney,Boarding house,Determined,1,0.0,0.0,2026-03-20 22:33:17.843
Council of the City of Sydney,Business premises,Determined,3,263780.0,87926.66666666667,2026-03-20 23:06:08.59
Council of the City of Sydney,Change of use,Determined,3,23000.0,7666.666666666667,2026-03-28 23:29:52.27
Council of the City of Sydney,Demolition,Determined,4,7701378.6,1925344.65,2026-03-20 23:25:45.35
Council of the City of Sydney,Demolition,Withdrawn,1,100000.0,100000.0,2026-03-20 23:25:52.05
Council of the City of Sydney,Dual occupancy,Determined,1,627440.0,627440.0,2026-03-20 22:34:09.423
Council of the City of Sydney,Dwelling,Determined,7,5274581.6,753511.6571428571,2026-03-21 22:59:43.203
Council of the City of Sydney,Entertainment facility,Determined,1,0.0,0.0,2026-03-28 23:55:17.033
Council of the City of Sydney,"Garages, carports and car parking spaces",Determined,3,1187732.6,395910.8666666667,2026-03-28 23:48:57.207
Council of the City of Sydney,"Garages, carports and car parking spaces",Operational consent declined,1,9000.0,9000.0,2026-03-20 23:06:45.42
Council of the City of Sydney,"Garages, carports and car parking spaces",Withdrawn,2,107100.0,53550.0,2026-03-22 07:44:11.223
Council of the City of Sydney,Hotel or motel accommodation,Determined,3,930000.0,310000.0,2026-03-20 23:07:17.077
Council of the City of Sydney,Mixed use development,Determined,4,298154032.0,74538508.0,2026-03-20 23:20:08.78
Council of the City of Sydney,Office premises,Determined,2,50000.0,50000.0,2026-03-20 23:09:09.073
Council of the City of Sydney,Other,Determined,13,619909.4,56355.4,2026-03-20 23:25:31.567
Council of the City of Sydney,Other,Withdrawn,1,,,2026-03-20 22:32:15.623
Council of the City of Sydney,Place of public worship,Determined,1,25000.0,25000.0,2026-03-20 22:50:34.55
Council of the City of Sydney,Pools / decks / fencing,Determined,1,1082582.6,1082582.6,2026-03-20 22:39:01.907
Council of the City of Sydney,Port wharf boating facilities,Determined,1,10000.0,10000.0,2026-03-20 22:33:57.547
Council of the City of Sydney,Residential flat building,Determined,4,106349000.0,106349000.0,2026-03-20 22:59:04.313
Council of the City of Sydney,Restaurant or cafe,Determined,7,2000.0,285.7142857142857,2026-03-28 23:52:34.317
Council of the City of Sydney,Retail premises ,Determined,4,112677520.94,28169380.235,2026-03-29 00:00:10.857
Council of the City of Sydney,"Retaining walls, protection of trees",Determined,1,1082582.6,1082582.6,2026-03-20 22:39:01.907
Council of the City of Sydney,Semi-attached dwelling,Determined,1,110000.0,110000.0,2026-03-20 23:25:45.35
Council of the City of Sydney,Signage,Determined,9,585744.71,65082.74555555555,2026-03-28 23:52:28.427
Council of the City of Sydney,Signage,Withdrawn,1,24200.0,24200.0,2026-03-20 23:10:21.517
Council of the City of Sydney,Small bar,Determined,1,0.0,0.0,2026-03-20 23:15:24.68
Council of the City of Sydney,Small bar,Withdrawn,1,0.0,0.0,2026-03-20 22:37:58.743
Council of the City of Sydney,Stormwater management systems,Determined,1,92400.0,92400.0,2026-03-20 22:32:47.397
Council of the City of Sydney,Stratum / community title subdivision,Determined,1,0.0,0.0,2026-03-20 23:24:58.297
Council of the City of Sydney,Subdivision of land,Determined,3,58000.0,19333.333333333332,2026-03-27 22:50:07.907
Council of the City of Sydney,Take-away food and drink premises,Determined,1,218000.0,218000.0,2026-03-20 22:38:13.78
Cowra Shire Council,Alterations and additions to commercial development,Determined,2,1454911.0,727455.5,2026-03-22 08:44:04.05
Cowra Shire Council,Alterations and additions to residential development,Determined,1,117828.0,117828.0,2026-03-22 07:57:58.32
Cowra Shire Council,Change of use,Determined,1,1204911.0,1204911.0,2026-03-22 08:44:04.05
Cowra Shire Council,Change of use,Withdrawn,1,0.0,0.0,2026-03-28 23:53:44.64
Cowra Shire Council,Dwelling,Determined,1,503360.0,503360.0,2026-03-20 22:55:38.893
Cowra Shire Council,Emergency services facility and bush fire hazard reduction,Determined,1,3784170.5,3784170.5,2026-03-28 23:07:03.75
Cowra Shire Council,Other,Determined,2,1223649.0,611824.5,2026-03-22 08:44:04.05
Cowra Shire Council,Secondary dwelling,Determined,1,503360.0,503360.0,2026-03-20 22:55:38.893
Cowra Shire Council,Signage,Determined,1,1204911.0,1204911.0,2026-03-22 08:44:04.05
Cumberland Council,Alterations and additions to commercial development,Deferred Commencement,1,0.0,0.0,2026-03-22 08:36:30.507
Cumberland Council,Alterations and additions to commercial development,Determined,2,228860.0,114430.0,2026-03-22 08:30:48.06
Cumberland Council,Alterations and additions to industrial development,Deferred Commencement,2,0.0,0.0,2026-03-22 08:36:33.89
Cumberland Council,Alterations and additions to industrial development,Under Assessment,1,1038575.0,1038575.0,2026-03-20 22:27:58.74
Cumberland Council,Alterations and additions to residential development,Determined,3,311140.0,103713.33333333333,2026-03-22 08:42:17.557
Cumberland Council,Alterations and additions to residential development,Rejected,1,84000.0,84000.0,2026-03-21 23:20:12.46
Cumberland Council,Alterations and additions to residential development,Withdrawn,1,,,2026-03-20 22:49:01.37
Cumberland Council,Centre based childcare,Determined,3,,,2026-03-20 22:53:59.807
Cumberland Council,Centre based childcare,Under Assessment,1,,,2026-03-20 22:25:30.593
Cumberland Council,Change of use,Deferred Commencement,1,0.0,0.0,2026-03-22 08:36:30.507
Cumberland Council,Change of use,Determined,3,171000.0,57000.0,2026-03-22 07:51:12.267
Cumberland Council,Change of use,Rejected,1,20000.0,20000.0,2026-03-22 08:42:10.747
Cumberland Council,Demolition,Determined,10,7540326.0,837814.0,2026-03-22 08:30:48.06
Cumberland Council,Demolition,Under Assessment,1,510000.0,510000.0,2026-03-20 23:15:56.693
Cumberland Council,Demolition,Withdrawn,2,9783738.0,4891869.0,2026-03-22 07:44:38.823
Cumberland Council,Dual occupancy,Determined,9,3896590.0,556655.7142857143,2026-03-22 08:27:55.623
Cumberland Council,Dual occupancy,Rejected,1,1063225.0,1063225.0,2026-03-22 07:25:28.53
Cumberland Council,Dual occupancy,Under Assessment,1,,,2026-03-20 23:15:52.57
Cumberland Council,Dual occupancy,Withdrawn,3,2485561.0,828520.3333333334,2026-03-22 07:44:38.823
Cumberland Council,Dwelling,Determined,11,4771224.0,477122.4,2026-03-22 08:21:12.333
Cumberland Council,Dwelling,Rejected,1,685810.0,685810.0,2026-03-27 22:38:16.91
Cumberland Council,Dwelling,Under Assessment,2,917645.0,458822.5,2026-03-20 23:20:34.48
Cumberland Council,Earthworks / change in levels,Withdrawn,1,8944312.0,8944312.0,2026-03-20 23:09:21.383
Cumberland Council,"Garages, carports and car parking spaces",Determined,3,1200535.0,400178.3333333333,2026-03-27 22:39:20.83
Cumberland Council,"Garages, carports and car parking spaces",Withdrawn,1,8944312.0,8944312.0,2026-03-20 23:09:21.383
Cumberland Council,Health services facilities,Determined,1,42640.0,42640.0,2026-03-22 07:28:51.51
Cumberland Council,Hotel or motel accommodation,Determined,1,223860.0,223860.0,2026-03-22 08:30:48.06
Cumberland Council,Industrial development,Deferred Commencement,3,0.0,0.0,2026-03-22 08:36:33.89
Cumberland Council,Industrial development,Determined,3,129500.0,64750.0,2026-03-22 08:33:32.62
Cumberland Council,Industrial development,Withdrawn,1,0.0,0.0,2026-03-20 22:45:21.84
Cumberland Council,Mixed use development,Determined,2,1454461.0,1454461.0,2026-03-22 07:52:53.13
Cumberland Council,Multi-dwelling housing,Determined,1,3190831.0,3190831.0,2026-03-22 07:52:04.87
Cumberland Council,Office premises,Deferred Commencement,1,0.0,0.0,2026-03-22 08:36:32.04
Cumberland Council,Other,Determined,3,182287.0,91143.5,2026-03-22 08:43:35.737
Cumberland Council,Pools / decks / fencing,Determined,1,1135795.0,1135795.0,2026-03-22 08:21:12.333
Cumberland Council,Pub,Determined,1,223860.0,223860.0,2026-03-22 08:30:48.06
Cumberland Council,Residential flat building,Withdrawn,1,8944312.0,8944312.0,2026-03-20 23:09:21.383
Cumberland Council,Secondary dwelling,Determined,6,609063.1,101510.51666666666,2026-03-28 23:48:49.133
Cumberland Council,Secondary dwelling,Rejected,2,123700.0,61850.0,2026-03-28 23:49:00.283
Cumberland Council,Secondary dwelling,Withdrawn,1,110700.0,110700.0,2026-03-20 22:53:46.333
Cumberland Council,Signage,Deferred Commencement,1,0.0,0.0,2026-03-22 08:36:33.89
Cumberland Council,Signage,Determined,1,60000.0,60000.0,2026-03-22 08:43:30.66
Cumberland Council,Stormwater management systems,Withdrawn,1,,,2026-03-20 22:49:01.37
Cumberland Council,Stratum / community title subdivision,Withdrawn,1,0.0,0.0,2026-03-22 08:39:27.863
Cumberland Council,Subdivision of land,Determined,5,2292640.0,573160.0,2026-03-20 23:21:02.22
Cumberland Council,Subdivision of land,Rejected,1,1063225.0,1063225.0,2026-03-22 07:25:28.53
Cumberland Council,Subdivision of land,Withdrawn,1,839426.0,839426.0,2026-03-22 07:44:38.823
Dubbo Regional Council,Alterations and additions to industrial development,Determined,1,0.0,0.0,2026-03-28 22:02:08.477
Dubbo Regional Council,Alterations and additions to residential development,Withdrawn,1,0.0,0.0,2026-03-28 21:56:06.81
Dubbo Regional Council,Dwelling,Determined,3,1301113.0,433704.3333333333,2026-03-28 23:53:39.043
Dubbo Regional Council,"Garages, carports and car parking spaces",Determined,1,413125.0,413125.0,2026-03-28 23:47:09.347
Dubbo Regional Council,Other,Determined,1,50000.0,50000.0,2026-03-28 22:02:07.05
Dubbo Regional Council,Pools / decks / fencing,Determined,2,49200.0,24600.0,2026-03-22 08:22:48.73
Dubbo Regional Council,Subdivision of land,Determined,1,10000.0,10000.0,2026-03-22 08:22:51.987
Dungog Shire Council,Change of use,Determined,1,0.0,0.0,2026-03-22 08:20:26.507
Dungog Shire Council,Dwelling,Determined,2,753953.0,376976.5,2026-03-22 07:44:30.377
Dungog Shire Council,Pools / decks / fencing,Determined,3,359620.0,119873.33333333333,2026-03-28 23:47:54.903
Dungog Shire Council,Subdivision of land,Determined,1,0.0,0.0,2026-03-28 23:59:59.717
Eurobodalla Shire Council,Alterations and additions to residential development,Determined,3,166000.0,55333.333333333336,2026-03-22 08:16:50.157
Eurobodalla Shire Council,"Garages, carports and car parking spaces",Determined,1,6400.0,6400.0,2026-03-22 08:10:24.467
Eurobodalla Shire Council,Pools / decks / fencing,Determined,1,18800.0,18800.0,2026-03-22 08:04:17.357
Eurobodalla Shire Council,Shed,Determined,1,50292.0,50292.0,2026-03-28 22:03:08.287
Fairfield City Council,Alterations and additions to commercial development,Determined,3,489755.7,163251.9,2026-03-22 07:37:41.707
Fairfield City Council,Alterations and additions to commercial development,Withdrawn,1,100000.0,100000.0,2026-03-20 23:20:17.287
Fairfield City Council,Alterations and additions to residential development,Determined,4,586000.0,146500.0,2026-03-22 08:38:11.21
Fairfield City Council,"Balconies, decks, patios, terraces or verandahs",Determined,1,5000000.0,5000000.0,2026-03-22 07:58:32.44
Fairfield City Council,Business premises,Determined,1,0.0,0.0,2026-03-22 08:42:15.893
Fairfield City Council,Change of use,Determined,1,200000.0,200000.0,2026-03-22 07:59:07.317
Fairfield City Council,Demolition,Determined,1,10000.0,10000.0,2026-03-20 23:20:56.577
Fairfield City Council,Dwelling,Determined,2,969397.0,484698.5,2026-03-20 22:43:52.95
Fairfield City Council,Food and drink premises,Determined,1,0.0,0.0,2026-03-22 07:39:57.53
Fairfield City Council,"Garages, carports and car parking spaces",Determined,2,534397.0,267198.5,2026-03-22 07:35:02.85
Fairfield City Council,Other,Determined,2,7608790.0,3804395.0,2026-03-22 07:53:02.4
Fairfield City Council,Other,Withdrawn,1,0.0,0.0,2026-03-20 22:56:29.683
Fairfield City Council,Pools / decks / fencing,Determined,3,191950.0,63983.333333333336,2026-03-22 07:57:40.437
Fairfield City Council,Recreational Uses,Determined,1,27000.0,27000.0,2026-03-22 07:37:41.707
Fairfield City Council,"Retaining walls, protection of trees",Determined,1,,,2026-03-22 07:40:15.85
Fairfield City Council,Secondary dwelling,Determined,2,350000.0,175000.0,2026-03-22 07:44:44.273
Fairfield City Council,Signage,Determined,2,154863.5,77431.75,2026-03-22 07:25:50.37
Fairfield City Council,Stormwater management systems,Determined,1,108790.0,108790.0,2026-03-20 22:24:45.71
Fairfield City Council,Stratum / community title subdivision,Determined,1,0.0,0.0,2026-03-20 23:01:42.69
Fairfield City Council,Subdivision of land,Determined,2,60000.0,30000.0,2026-03-22 08:35:06.47
Fairfield City Council,Subdivision of land,Withdrawn,2,105000.0,52500.0,2026-03-20 23:20:17.287
Federation Council,Shed,Determined,1,6510.49,6510.49,2026-03-28 23:55:20.49
Forbes Shire Council,Dual occupancy,Determined,1,597855.0,597855.0,2026-03-20 23:26:06.077
Forbes Shire Council,Pools / decks / fencing,Determined,1,59300.0,59300.0,2026-03-22 07:34:46.06
Forbes Shire Council,Subdivision of land,Determined,1,597855.0,597855.0,2026-03-20 23:26:06.077
Georges River Council,Alterations and additions to commercial development,Determined,1,17300978.46,17300978.46,2026-03-20 23:10:22.077
Georges River Council,Alterations and additions to residential development,Determined,9,1835000.0,203888.88888888888,2026-03-28 22:02:05.76
Georges River Council,"Balconies, decks, patios, terraces or verandahs",Determined,3,1066800.0,355600.0,2026-03-20 23:21:17.713
Georges River Council,Centre based childcare,Determined,1,0.0,0.0,2026-03-20 22:37:57.867
Georges River Council,Demolition,Determined,6,3436705.0,572784.1666666666,2026-03-20 23:30:45.237
Georges River Council,Dual occupancy,Determined,2,1752000.0,876000.0,2026-03-20 22:51:10.39
Georges River Council,Dual occupancy,Withdrawn,2,1300000.0,650000.0,2026-03-20 22:50:24.83
Georges River Council,Dwelling,Determined,8,5662835.0,808976.4285714285,2026-03-20 23:30:45.237
Georges River Council,Dwelling,Withdrawn,1,,,2026-03-20 22:32:57.973
Georges River Council,Earthworks / change in levels,Determined,1,976800.0,976800.0,2026-03-20 23:05:53.937
Georges River Council,"Garages, carports and car parking spaces",Determined,2,1256800.0,628400.0,2026-03-20 23:14:16.19
Georges River Council,Mixed use development,Determined,1,0.0,0.0,2026-03-20 22:50:49.45
Georges River Council,Other,Determined,1,20000.0,20000.0,2026-03-20 22:28:55.817
Georges River Council,Other,Withdrawn,1,200000.0,200000.0,2026-03-20 22:58:19.913
Georges River Council,Pools / decks / fencing,Determined,1,976800.0,976800.0,2026-03-20 23:05:53.937
Georges River Council,Recreational Uses,Determined,1,17300978.46,17300978.46,2026-03-20 23:10:22.077
Georges River Council,Restaurant or cafe,Determined,1,0.0,0.0,2026-03-20 23:10:13.5
Georges River Council,"Retaining walls, protection of trees",Determined,2,1837028.0,918514.0,2026-03-20 23:05:53.937
Georges River Council,Secondary dwelling,Determined,2,649605.0,324802.5,2026-03-20 23:30:45.237
Georges River Council,Subdivision of land,Determined,1,613800.0,613800.0,2026-03-20 22:48:07.92
Goulburn Mulwaree Council,Alterations and additions to residential development,Withdrawn,1,85000.0,85000.0,2026-03-28 21:56:35.77
Goulburn Mulwaree Council,"Balconies, decks, patios, terraces or verandahs",Determined,1,255900.0,255900.0,2026-03-28 22:00:16.577
Goulburn Mulwaree Council,Demolition,Determined,1,17000.0,17000.0,2026-03-27 22:39:09.507
Goulburn Mulwaree Council,Dual occupancy,Determined,2,1348000.0,674000.0,2026-03-22 07:34:21.583
Goulburn Mulwaree Council,Dwelling,Determined,10,3042375.0,304237.5,2026-03-28 23:55:11.65
Goulburn Mulwaree Council,Dwelling,Withdrawn,2,1082000.0,541000.0,2026-03-22 08:10:47.88
Goulburn Mulwaree Council,Earthworks / change in levels,Determined,1,255900.0,255900.0,2026-03-28 22:00:16.577
Goulburn Mulwaree Council,"Garages, carports and car parking spaces",Determined,2,275152.0,137576.0,2026-03-28 22:00:16.577
Goulburn Mulwaree Council,"Garages, carports and car parking spaces",Withdrawn,2,1082000.0,541000.0,2026-03-22 08:10:47.88
Goulburn Mulwaree Council,Other,Withdrawn,1,22000.0,22000.0,2026-03-22 07:31:26.89
Goulburn Mulwaree Council,"Retaining walls, protection of trees",Determined,3,1603900.0,534633.3333333334,2026-03-28 22:00:16.577
Goulburn Mulwaree Council,"Retaining walls, protection of trees",Withdrawn,1,593000.0,593000.0,2026-03-22 08:10:29.157
Goulburn Mulwaree Council,Secondary dwelling,Withdrawn,2,1082000.0,541000.0,2026-03-22 08:10:47.88
Goulburn Mulwaree Council,Shed,Determined,1,17000.0,17000.0,2026-03-27 22:39:09.507
Goulburn Mulwaree Council,Stormwater management systems,Determined,1,255900.0,255900.0,2026-03-28 22:00:16.577
Goulburn Mulwaree Council,Subdivision of land,Determined,2,1348000.0,674000.0,2026-03-22 07:34:21.583
Greater Hume Shire Council,Dwelling,Determined,4,1189320.6,297330.15,2026-03-28 23:49:05.047
Greater Hume Shire Council,Other,Determined,1,231373.0,231373.0,2026-03-28 23:49:05.047
Greater Hume Shire Council,Shed,Determined,2,367337.6,183668.8,2026-03-28 21:56:09.557
Greater Hume Shire Council,Subdivision of land,Determined,1,0.0,0.0,2026-03-27 22:40:42.12
Griffith City Council,Alterations and additions to residential development,Determined,3,535000.0,178333.33333333334,2026-03-28 23:51:17.263
Griffith City Council,"Balconies, decks, patios, terraces or verandahs",Determined,1,10000.0,10000.0,2026-03-22 08:42:14.3
Griffith City Council,Dwelling,Determined,1,330000.0,330000.0,2026-03-22 08:11:53.063
Griffith City Council,Dwelling,Rejected,1,320000.0,320000.0,2026-03-28 23:50:08.313
Griffith City Council,Multi-dwelling housing,Determined,1,600000.0,600000.0,2026-03-22 07:59:20.577
Griffith City Council,Shed,Determined,4,71000.0,17750.0,2026-03-28 23:53:37.137
Griffith City Council,Shed,Withdrawn,1,12000.0,12000.0,2026-03-28 22:00:24.99
Gwydir Shire Council,Shed,Determined,1,18000.0,18000.0,2026-03-28 22:00:38.38
Hawkesbury City Council,Alterations and additions to residential development,Determined,6,1032274.54,172045.75666666668,2026-03-28 23:29:31.43
Hawkesbury City Council,Attached dwelling,Determined,2,1330042.0,665021.0,2026-03-22 07:45:33.923
Hawkesbury City Council,Demolition,Determined,3,323538.65,107846.21666666667,2026-03-28 22:41:01.273
Hawkesbury City Council,Demolition,Withdrawn,1,50000.0,50000.0,2026-03-28 23:52:32.1
Hawkesbury City Council,Dwelling,Determined,15,7784038.65,518935.91000000003,2026-03-22 07:58:21.68
Hawkesbury City Council,Dwelling,Rejected,1,330170.0,330170.0,2026-03-20 23:20:51.5
Hawkesbury City Council,Farm buildings,Withdrawn,1,65200.0,65200.0,2026-03-20 23:16:09.81
Hawkesbury City Council,"Garages, carports and car parking spaces",Determined,2,64250.0,32125.0,2026-03-22 08:04:56.993
Hawkesbury City Council,Multi-dwelling housing,Determined,1,1450000.0,1450000.0,2026-03-22 07:30:59.117
Hawkesbury City Council,Other,Determined,4,3230000.0,807500.0,2026-03-28 23:29:31.43
Hawkesbury City Council,Other,Withdrawn,1,65200.0,65200.0,2026-03-20 23:16:09.81
Hawkesbury City Council,Place of public worship,Rejected,1,2500000.0,2500000.0,2026-03-20 22:33:37.133
Hawkesbury City Council,Pools / decks / fencing,Determined,4,994850.0,248712.5,2026-03-22 07:40:21.9
Hawkesbury City Council,Secondary dwelling,Determined,1,123805.0,123805.0,2026-03-22 07:31:14.717
Hawkesbury City Council,Shed,Determined,5,453261.65,90652.33,2026-03-22 08:43:27.22
Hawkesbury City Council,Shed,Withdrawn,3,135000.0,45000.0,2026-03-28 23:52:32.1
Hawkesbury City Council,Subdivision of land,Determined,1,3861385.0,3861385.0,2026-03-20 22:24:34.62
Hilltops Council,Dwelling,Determined,2,497750.0,248875.0,2026-03-28 22:02:01.007
Hilltops Council,"Garages, carports and car parking spaces",Determined,2,418250.0,209125.0,2026-03-22 08:22:46.643
Hilltops Council,Other,Withdrawn,1,1000.0,1000.0,2026-03-22 07:28:23.043
Hilltops Council,Subdivision of land,Determined,1,0.0,0.0,2026-03-22 08:16:15.783
Inner West Council,Alterations and additions to commercial development,Determined,2,545197.0,272598.5,2026-03-20 22:33:34.353
Inner West Council,Alterations and additions to industrial development,Determined,2,88000.0,44000.0,2026-03-28 23:48:08.373
Inner West Council,Alterations and additions to residential development,Determined,80,19861166.8,254630.3435897436,2026-03-28 23:55:17.663
Inner West Council,Alterations and additions to residential development,Operational consent issued,1,650000.0,650000.0,2026-03-20 23:18:25.613
Inner West Council,Alterations and additions to residential development,Rejected,10,2476600.0,247660.0,2026-03-28 23:48:42.753
Inner West Council,Alterations and additions to residential development,Withdrawn,3,756300.0,252100.0,2026-03-20 22:38:53.543
Inner West Council,Attached dwelling,Determined,2,2355212.0,1177606.0,2026-03-22 08:38:06.507
Inner West Council,"Balconies, decks, patios, terraces or verandahs",Determined,17,3441753.1799999997,202456.06941176468,2026-03-28 23:47:16.237
Inner West Council,"Balconies, decks, patios, terraces or verandahs",Rejected,1,52450.0,52450.0,2026-03-20 23:21:15.58
Inner West Council,"Balconies, decks, patios, terraces or verandahs",Withdrawn,1,170000.0,170000.0,2026-03-20 23:05:30.477
Inner West Council,Boarding house,Deferred Commencement,2,4455355.4,2227677.7,2026-03-20 22:58:55.187
Inner West Council,Boarding house,Determined,3,5142062.0,1714020.6666666667,2026-03-22 07:34:32.373
Inner West Council,Change of use,Determined,3,1700000.0,566666.6666666666,2026-03-28 23:50:50.107
Inner West Council,Demolition,Deferred Commencement,2,1860000.0,930000.0,2026-03-20 22:58:55.187
Inner West Council,Demolition,Determined,21,11493860.18,547326.6752380952,2026-03-28 23:53:28.84
Inner West Council,Demolition,Rejected,1,560000.0,560000.0,2026-03-20 22:39:51.703
Inner West Council,Dual occupancy,Determined,4,2291665.0,572916.25,2026-03-20 23:06:04.963
Inner West Council,Dwelling,Deferred Commencement,1,660000.0,660000.0,2026-03-20 22:50:30.077
Inner West Council,Dwelling,Determined,28,14089486.98,503195.9635714286,2026-03-28 23:48:58.577
Inner West Council,Dwelling,Rejected,3,1346200.0,448733.3333333333,2026-03-20 22:53:54.2
Inner West Council,Dwelling,Withdrawn,1,325000.0,325000.0,2026-03-20 23:15:57.297
Inner West Council,Earthworks / change in levels,Determined,2,1853556.18,926778.09,2026-03-22 08:43:46.09
Inner West Council,Food and drink premises,Determined,1,20000.0,20000.0,2026-03-20 22:27:13.687
Inner West Council,Food and drink premises,Withdrawn,1,380000.0,380000.0,2026-03-22 07:37:16.747
Inner West Council,"Garages, carports and car parking spaces",Determined,10,4973556.18,497355.61799999996,2026-03-28 22:32:46.097
Inner West Council,"Garages, carports and car parking spaces",Rejected,1,160600.0,160600.0,2026-03-20 23:24:48.433
Inner West Council,Hotel or motel accommodation,Deferred Commencement,1,8535023.0,8535023.0,2026-03-20 22:50:49.363
Inner West Council,Mixed use development,Deferred Commencement,1,1200000.0,1200000.0,2026-03-20 22:58:55.187
Inner West Council,Mixed use development,Determined,2,5884860.0,2942430.0,2026-03-20 22:48:02.767
Inner West Council,Multi-dwelling housing,Determined,1,,,2026-03-20 22:59:16.517
Inner West Council,Other,Determined,13,4513320.0,410301.8181818182,2026-03-28 23:50:50.107
Inner West Council,Other,Rejected,2,373000.0,186500.0,2026-03-20 22:59:18.567
Inner West Council,Other,Withdrawn,2,0.0,0.0,2026-03-20 22:51:09.423
Inner West Council,Pools / decks / fencing,Determined,9,4774933.18,530548.131111111,2026-03-28 23:48:58.577
Inner West Council,Pools / decks / fencing,Rejected,1,35000.0,35000.0,2026-03-20 22:38:43.98
Inner West Council,Pools / decks / fencing,Withdrawn,2,175000.0,87500.0,2026-03-20 23:05:30.477
Inner West Council,Pub,Determined,2,0.0,0.0,2026-03-20 22:38:52.867
Inner West Council,Residential flat building,Determined,1,1856440.0,1856440.0,2026-03-20 23:20:03.333
Inner West Council,Restaurant or cafe,Determined,3,545197.0,181732.33333333334,2026-03-20 22:50:31.253
Inner West Council,Restaurant or cafe,Rejected,1,0.0,0.0,2026-03-20 23:11:17.33
Inner West Council,Restaurant or cafe,Withdrawn,1,380000.0,380000.0,2026-03-22 07:37:16.747
Inner West Council,Retail premises ,Determined,2,287719.64,143859.82,2026-03-22 08:39:28.393
Inner West Council,"Retaining walls, protection of trees",Determined,1,4000.0,4000.0,2026-03-20 22:26:18
Inner West Council,Secondary dwelling,Determined,7,2196750.0,313821.4285714286,2026-03-28 23:53:28.84
Inner West Council,Secondary dwelling,Rejected,1,70000.0,70000.0,2026-03-20 23:25:13.2
Inner West Council,Secondary dwelling,Withdrawn,1,150000.0,150000.0,2026-03-20 23:04:02.86
Inner West Council,Semi-attached dwelling,Determined,8,5787319.9,723414.9875,2026-03-28 22:32:46.097
Inner West Council,Semi-attached dwelling,Rejected,1,680000.0,680000.0,2026-03-20 22:53:18.953
Inner West Council,Semi-attached dwelling,Withdrawn,1,228000.0,228000.0,2026-03-20 22:38:38.65
Inner West Council,Shop top housing,Determined,2,5336743.0,5336743.0,2026-03-22 07:28:53.99
Inner West Council,Signage,Determined,3,561162.0,187054.0,2026-03-20 23:25:07.453
Inner West Council,Signage,Withdrawn,1,4000.0,4000.0,2026-03-20 22:59:06.8
Inner West Council,Subdivision of land,Deferred Commencement,2,1860000.0,930000.0,2026-03-20 22:58:55.187
Inner West Council,Subdivision of land,Determined,8,5339877.0,667484.625,2026-03-28 23:52:27.273
Inner West Council,Take-away food and drink premises,Determined,1,450197.0,450197.0,2026-03-20 22:33:34.353
Inner West Council,Take-away food and drink premises,Withdrawn,1,380000.0,380000.0,2026-03-22 07:37:16.747
Junee Shire Council,Alterations and additions to residential development,Determined,2,800000.0,400000.0,2026-03-28 23:51:44.357
Junee Shire Council,"Balconies, decks, patios, terraces or verandahs",Determined,1,500000.0,500000.0,2026-03-28 23:48:44.06
Junee Shire Council,Demolition,Determined,1,500000.0,500000.0,2026-03-28 23:48:44.06
Junee Shire Council,Dwelling,Determined,1,249200.0,249200.0,2026-03-22 07:31:35.737
Ku-ring-gai Council,Alterations and additions to residential development,Determined,6,1495706.63,249284.43833333332,2026-03-22 08:05:00.177
Ku-ring-gai Council,Alterations and additions to residential development,Withdrawn,2,274200.0,137100.0,2026-03-28 23:46:36.83
Ku-ring-gai Council,"Balconies, decks, patios, terraces or verandahs",Determined,2,109761.0,54880.5,2026-03-28 23:21:21.17
Ku-ring-gai Council,Demolition,Determined,2,1057000.0,1057000.0,2026-03-20 23:24:46.357
Ku-ring-gai Council,Demolition,Withdrawn,1,1557000.0,1557000.0,2026-03-22 08:38:08.05
Ku-ring-gai Council,Dual occupancy,Determined,1,950000.0,950000.0,2026-03-22 08:40:57.223
Ku-ring-gai Council,Dwelling,Determined,7,4217932.0,702988.6666666666,2026-03-22 08:23:01.443
Ku-ring-gai Council,Dwelling,Withdrawn,2,2525000.0,1262500.0,2026-03-22 08:44:03.357
Ku-ring-gai Council,"Garages, carports and car parking spaces",Determined,1,84422.0,84422.0,2026-03-22 08:43:38.07
Ku-ring-gai Council,"Garages, carports and car parking spaces",Withdrawn,1,11690.0,11690.0,2026-03-28 22:50:06.487
Ku-ring-gai Council,Industrial development,Determined,1,,,2026-03-20 23:24:46.357
Ku-ring-gai Council,Pools / decks / fencing,Determined,3,58008.0,29004.0,2026-03-28 23:48:55.267
Ku-ring-gai Council,Pools / decks / fencing,Withdrawn,1,968000.0,968000.0,2026-03-22 08:44:03.357
Ku-ring-gai Council,Recreational Uses,Determined,1,3000.0,3000.0,2026-03-28 23:53:41.553
Ku-ring-gai Council,Secondary dwelling,Withdrawn,1,968000.0,968000.0,2026-03-22 08:44:03.357
Ku-ring-gai Council,Signage,Determined,1,,,2026-03-20 23:24:46.357
Kyogle Council,Alterations and additions to residential development,Determined,1,236900.0,236900.0,2026-03-22 07:34:18.327
Kyogle Council,Other,Determined,1,0.0,0.0,2026-03-22 08:20:59.083
Lake Macquarie City Council,Alterations and additions to residential development,Determined,6,2046000.0,341000.0,2026-03-20 23:11:28.083
Lake Macquarie City Council,"Balconies, decks, patios, terraces or verandahs",Determined,9,292312.0,32479.11111111111,2026-03-28 23:48:44.727
Lake Macquarie City Council,Business premises,Determined,1,2096325.0,2096325.0,2026-03-20 22:33:12.27
Lake Macquarie City Council,Demolition,Deferred Commencement,1,17910000.0,17910000.0,2026-03-27 22:51:41.61
Lake Macquarie City Council,Demolition,Determined,4,21115993.0,5278998.25,2026-03-28 23:51:31.853
Lake Macquarie City Council,Dual occupancy,Determined,6,3154775.0,525795.8333333334,2026-03-20 23:07:32.52
Lake Macquarie City Council,Dual occupancy,Withdrawn,1,534140.0,534140.0,2026-03-20 22:45:31.12
Lake Macquarie City Council,Dwelling,Determined,21,21855324.0,1040729.7142857143,2026-03-28 23:55:31.237
Lake Macquarie City Council,Dwelling,Withdrawn,2,510670.0,255335.0,2026-03-20 23:09:27.347
Lake Macquarie City Council,"Garages, carports and car parking spaces",Determined,6,202094.0,33682.333333333336,2026-03-28 23:51:31.853
Lake Macquarie City Council,Industrial development,Determined,1,800000.0,800000.0,2026-03-20 23:25:38.117
Lake Macquarie City Council,Mixed use development,Determined,1,2096325.0,2096325.0,2026-03-20 22:33:12.27
Lake Macquarie City Council,Office premises,Determined,1,2096325.0,2096325.0,2026-03-20 22:33:12.27
Lake Macquarie City Council,Other,Deferred Commencement,1,17910000.0,17910000.0,2026-03-27 22:51:41.61
Lake Macquarie City Council,Other,Determined,5,8631531.0,1726306.2,2026-03-28 23:50:11.407
Lake Macquarie City Council,Pools / decks / fencing,Determined,5,1029722.0,205944.4,2026-03-28 23:53:46.88
Lake Macquarie City Council,Retail premises ,Determined,1,48000.0,48000.0,2026-03-20 23:06:29.89
Lake Macquarie City Council,"Retaining walls, protection of trees",Determined,1,40000.0,40000.0,2026-03-20 22:54:07.33
Lake Macquarie City Council,Secondary dwelling,Determined,2,469145.0,234572.5,2026-03-28 23:51:31.853
Lake Macquarie City Council,Secondary dwelling,Rejected,1,144100.0,144100.0,2026-03-20 22:47:41.977
Lake Macquarie City Council,Shed,Determined,3,374500.0,124833.33333333333,2026-03-22 08:17:05.103
Lake Macquarie City Council,Shed,Withdrawn,1,66200.0,66200.0,2026-03-20 23:14:25.157
Lake Macquarie City Council,Signage,Determined,1,4000.0,4000.0,2026-03-28 23:42:07.73
Lake Macquarie City Council,Subdivision of land,Determined,10,16659775.0,1665977.5,2026-03-20 23:19:56.91
Lake Macquarie City Council,Subdivision of land,Withdrawn,1,534140.0,534140.0,2026-03-20 22:45:31.12
Lane Cove Municipal Council,Alterations and additions to commercial development,Determined,2,252800.0,126400.0,2026-03-22 07:34:34.83
Lane Cove Municipal Council,Alterations and additions to residential development,Determined,11,1992591.42,181144.67454545453,2026-03-22 07:51:33.48
Lane Cove Municipal Council,"Balconies, decks, patios, terraces or verandahs",Determined,2,111500.0,55750.0,2026-03-20 22:46:28.38
Lane Cove Municipal Council,Dual occupancy,Determined,1,10.0,10.0,2026-03-20 23:06:29.59
Lane Cove Municipal Council,Dwelling,Determined,6,7189570.0,1198261.6666666667,2026-03-28 23:47:43.843
Lane Cove Municipal Council,Dwelling,Withdrawn,2,2920000.0,1460000.0,2026-03-20 23:25:28.09
Lane Cove Municipal Council,"Garages, carports and car parking spaces",Determined,3,97000.0,32333.333333333332,2026-03-20 23:11:17.877
Lane Cove Municipal Council,"Garages, carports and car parking spaces",Withdrawn,1,8500.0,8500.0,2026-03-20 22:26:23.357
Lane Cove Municipal Council,Mixed use development,Determined,1,,,2026-03-20 22:25:47.713
Lane Cove Municipal Council,Other,Determined,1,68000.0,68000.0,2026-03-20 23:19:47.903
Lane Cove Municipal Council,Pools / decks / fencing,Determined,4,773000.0,193250.0,2026-03-20 23:25:21.193
Lane Cove Municipal Council,Recreational Uses,Determined,1,0.0,0.0,2026-03-20 22:48:55.303
Lane Cove Municipal Council,"Retaining walls, protection of trees",Determined,2,1378000.0,689000.0,2026-03-20 23:21:07.563
Lane Cove Municipal Council,Secondary dwelling,Determined,1,90000.0,90000.0,2026-03-20 22:25:19.517
Lane Cove Municipal Council,Signage,Determined,1,14000.0,14000.0,2026-03-22 07:34:34.83
Lane Cove Municipal Council,Stratum / community title subdivision,Determined,1,1.0,1.0,2026-03-20 22:33:38.153
Leeton Shire Council,Pools / decks / fencing,Determined,1,15000.0,15000.0,2026-03-20 22:40:44.87
Lismore City Council,Dwelling,Determined,1,583295.0,583295.0,2026-03-27 22:42:02.64
Lismore City Council,Flood mitigation work,Determined,1,30000.0,30000.0,2026-03-22 08:16:22.07
Lithgow City Council,Earthworks / change in levels,Determined,1,880.0,880.0,2026-03-27 22:41:59.74
Liverpool City Council,Alterations and additions to commercial development,Determined,2,4451500.0,2225750.0,2026-03-22 07:25:25.937
Liverpool City Council,Alterations and additions to residential development,Determined,4,313659.0,78414.75,2026-03-22 08:39:22.603
Liverpool City Council,"Balconies, decks, patios, terraces or verandahs",Determined,1,30401.0,30401.0,2026-03-20 23:21:23.063
Liverpool City Council,Business premises,Determined,1,15000.0,15000.0,2026-03-20 23:02:24.29
Liverpool City Council,Centre based childcare,Determined,1,4665000.0,4665000.0,2026-03-22 08:28:44.59
Liverpool City Council,Change of use,Withdrawn,1,15000.0,15000.0,2026-03-28 23:38:26.083
Liverpool City Council,Demolition,Determined,6,10081900.0,1680316.6666666667,2026-03-22 08:28:44.59
Liverpool City Council,Demolition,Rejected,2,600000.0,300000.0,2026-03-22 08:17:01.32
Liverpool City Council,Demolition,Withdrawn,1,400000.0,400000.0,2026-03-20 23:20:52.76
Liverpool City Council,Dual occupancy,Determined,2,762400.0,381200.0,2026-03-20 22:33:36.11
Liverpool City Council,Dwelling,Determined,23,7995192.66,363417.8481818182,2026-03-28 23:46:32.32
Liverpool City Council,Dwelling,Withdrawn,2,750000.0,375000.0,2026-03-20 23:30:45.79
Liverpool City Council,Earthworks / change in levels,Determined,1,,,2026-03-20 22:32:42.327
Liverpool City Council,"Garages, carports and car parking spaces",Determined,1,299606.0,299606.0,2026-03-20 22:54:39.84
Liverpool City Council,Health services facilities,Determined,2,4730000.0,2365000.0,2026-03-22 08:28:44.59
Liverpool City Council,Home business,Determined,1,3500.0,3500.0,2026-03-20 22:44:15.527
Liverpool City Council,Home business,Withdrawn,1,0.0,0.0,2026-03-20 22:59:12.197
Liverpool City Council,Multi-dwelling housing,Determined,2,4937998.0,2468999.0,2026-03-20 23:01:11.333
Liverpool City Council,Other,Determined,2,209800.0,104900.0,2026-03-28 23:49:05.65
Liverpool City Council,Other,Rejected,1,600000.0,600000.0,2026-03-22 08:11:00.607
Liverpool City Council,Place of public worship,Determined,1,4251500.0,4251500.0,2026-03-21 23:00:39.5
Liverpool City Council,Pools / decks / fencing,Determined,2,885000.0,885000.0,2026-03-20 23:30:30.427
Liverpool City Council,Secondary dwelling,Determined,7,6739981.66,962854.5228571428,2026-03-22 08:41:52.867
Liverpool City Council,Secondary dwelling,Rejected,1,0.0,0.0,2026-03-22 08:17:01.32
Liverpool City Council,Semi-attached dwelling,Determined,1,600000.0,600000.0,2026-03-20 22:58:29.603
Liverpool City Council,Shop top housing,Determined,1,29576901.0,29576901.0,2026-03-20 23:15:13.19
Liverpool City Council,Signage,Determined,2,4730000.0,2365000.0,2026-03-22 08:28:44.59
Liverpool City Council,Stormwater management systems,Determined,1,2000.0,2000.0,2026-03-22 08:38:15.997
Liverpool City Council,Subdivision of land,Determined,5,10699881.66,2139976.332,2026-03-22 08:41:52.867
Liverpool City Council,Subdivision of land,Rejected,1,600000.0,600000.0,2026-03-22 08:11:00.607
Liverpool City Council,Subdivision of land,Withdrawn,1,300000.0,300000.0,2026-03-20 23:07:02.847
Liverpool City Council,Take-away food and drink premises,Determined,1,200000.0,200000.0,2026-03-22 07:25:25.937
Maitland City Council,Alterations and additions to commercial development,Determined,1,8000.0,8000.0,2026-03-22 07:31:24.293
Maitland City Council,Alterations and additions to residential development,Determined,1,150000.0,150000.0,2026-03-20 22:58:16.98
Maitland City Council,"Balconies, decks, patios, terraces or verandahs",Determined,2,195500.0,97750.0,2026-03-20 22:59:17.467
Maitland City Council,Demolition,Determined,2,159200.0,79600.0,2026-03-22 08:16:02.437
Maitland City Council,Dual occupancy,Determined,1,377000.0,377000.0,2026-03-22 07:44:22.807
Maitland City Council,Dwelling,Determined,16,5783005.0,361437.8125,2026-03-28 23:49:03.99
Maitland City Council,"Garages, carports and car parking spaces",Determined,3,70670.0,23556.666666666668,2026-03-28 23:49:04.513
Maitland City Council,Other,Determined,1,600000.0,600000.0,2026-03-22 07:28:41.65
Maitland City Council,Other,Withdrawn,1,1000.0,1000.0,2026-03-22 07:51:20.35
Maitland City Council,Pools / decks / fencing,Determined,7,239469.0,34209.857142857145,2026-03-28 23:57:51.69
Maitland City Council,"Retaining walls, protection of trees",Determined,3,767000.0,255666.66666666666,2026-03-28 23:50:13.173
Maitland City Council,Secondary dwelling,Determined,1,414095.0,414095.0,2026-03-20 23:09:08.613
Maitland City Council,Semi-attached dwelling,Withdrawn,1,770000.0,770000.0,2026-03-20 23:30:27.92
Maitland City Council,Shed,Determined,9,266214.0,29579.333333333332,2026-03-29 00:00:08.2
Maitland City Council,Subdivision of land,Determined,1,377000.0,377000.0,2026-03-22 07:44:22.807
Maitland City Council,Subdivision of land,Rejected,1,0.0,0.0,2026-03-28 23:51:40.68
Maitland City Council,Subdivision of land,Withdrawn,1,770000.0,770000.0,2026-03-20 23:30:27.92
Mid-Coast Council,Alterations and additions to commercial development,Determined,1,,,2026-03-22 07:45:15.363
Mid-Coast Council,Alterations and additions to residential development,Determined,1,253831.0,253831.0,2026-03-22 08:16:37.457
Mid-Coast Council,"Balconies, decks, patios, terraces or verandahs",Determined,2,724831.0,362415.5,2026-03-28 22:00:29.37
Mid-Coast Council,Change of use,Operational consent issued,1,46565.0,46565.0,2026-03-28 23:57:46.123
Mid-Coast Council,Demolition,Determined,1,597230.0,597230.0,2026-03-27 22:41:49.49
Mid-Coast Council,Dual occupancy,Determined,2,896126.0,448063.0,2026-03-22 08:16:39.64
Mid-Coast Council,Dwelling,Determined,12,2946572.0,267870.1818181818,2026-03-28 23:50:05.82
Mid-Coast Council,"Garages, carports and car parking spaces",Determined,5,651200.0,130240.0,2026-03-28 23:48:05.48
Mid-Coast Council,Industrial development,Determined,1,1400000.0,1400000.0,2026-03-22 08:04:43.193
Mid-Coast Council,Other,Determined,3,43287.92,14429.306666666665,2026-03-28 23:51:39.353
Mid-Coast Council,Pools / decks / fencing,Determined,2,269335.0,134667.5,2026-03-28 23:50:15.507
Mid-Coast Council,"Port, wharf, boating facilities",Determined,2,90000.0,45000.0,2026-03-22 08:05:06.977
Mid-Coast Council,Recreational Uses,Determined,1,95000.0,95000.0,2026-03-28 23:48:11.523
Mid-Coast Council,Shed,Determined,2,30000.0,15000.0,2026-03-28 23:50:02.86
Mid-Western Regional Council,Demolition,Determined,1,767400.0,767400.0,2026-03-22 07:59:23.127
Mid-Western Regional Council,Dwelling,Determined,1,767400.0,767400.0,2026-03-22 07:59:23.127
Mid-Western Regional Council,Pools / decks / fencing,Determined,1,767400.0,767400.0,2026-03-22 07:59:23.127
Moree Plains Shire Council,Alterations and additions to commercial development,Determined,1,138000.0,138000.0,2026-03-22 07:25:58.97
Moree Plains Shire Council,Alterations and additions to residential development,Determined,1,109697.0,109697.0,2026-03-20 22:43:33.557
Moree Plains Shire Council,"Garages, carports and car parking spaces",Determined,1,109697.0,109697.0,2026-03-20 22:43:33.557
Mosman Municipal Council,Alterations and additions to residential development,Determined,4,2493249.2,623312.3,2026-03-28 23:29:39.457
Mosman Municipal Council,Alterations and additions to residential development,Under Assessment,1,1448000.0,1448000.0,2026-03-21 22:57:24.233
Mosman Municipal Council,"Balconies, decks, patios, terraces or verandahs",Deferred Commencement,1,242766.21,242766.21,2026-03-22 08:40:54.777
Mosman Municipal Council,"Balconies, decks, patios, terraces or verandahs",Determined,2,727272.0,363636.0,2026-03-22 08:21:10.78
Mosman Municipal Council,Demolition,Determined,1,618072.0,618072.0,2026-03-22 08:21:10.78
Mosman Municipal Council,Dwelling,Determined,3,683072.0,227690.66666666666,2026-03-22 08:31:58.19
Mosman Municipal Council,Earthworks / change in levels,Determined,1,618072.0,618072.0,2026-03-22 08:21:10.78
Mosman Municipal Council,"Garages, carports and car parking spaces",Deferred Commencement,1,242766.21,242766.21,2026-03-22 08:40:54.777
Mosman Municipal Council,"Garages, carports and car parking spaces",Determined,3,1875177.2,625059.0666666667,2026-03-28 23:29:39.457
Mosman Municipal Council,Other,Deferred Commencement,1,242766.21,242766.21,2026-03-22 08:40:54.777
Mosman Municipal Council,Pools / decks / fencing,Deferred Commencement,1,242766.21,242766.21,2026-03-22 08:40:54.777
Mosman Municipal Council,Pools / decks / fencing,Determined,2,1859000.0,929500.0,2026-03-28 23:29:39.457
Mosman Municipal Council,"Retaining walls, protection of trees",Deferred Commencement,1,242766.21,242766.21,2026-03-22 08:40:54.777
Mosman Municipal Council,Semi-attached dwelling,Determined,1,618072.0,618072.0,2026-03-22 08:21:10.78
Mosman Municipal Council,Subdivision of land,Determined,1,2000.0,2000.0,2026-03-20 23:14:16.727
Murray River Council,"Balconies, decks, patios, terraces or verandahs",Determined,2,19000.0,9500.0,2026-03-28 21:56:41.58
Murray River Council,Farm buildings,Determined,1,19850.0,19850.0,2026-03-22 08:20:27.52
Muswellbrook Shire Council,Demolition,Determined,1,30000.0,30000.0,2026-03-22 08:05:08.503
Nambucca Valley Council,Dwelling,Determined,3,204000.0,68000.0,2026-03-28 22:02:45.55
Nambucca Valley Council,Secondary dwelling,Deferred Commencement,1,20000.0,20000.0,2026-03-27 22:41:08.49
Newcastle City Council,Alterations and additions to commercial development,Determined,5,5954547.35,1190909.47,2026-03-22 07:31:12.41
Newcastle City Council,Alterations and additions to residential development,Determined,10,1897676.0,210852.88888888888,2026-03-22 08:16:33.453
Newcastle City Council,Alterations and additions to residential development,Withdrawn,1,100000.0,100000.0,2026-03-28 23:51:37.51
Newcastle City Council,"Balconies, decks, patios, terraces or verandahs",Determined,4,929602.0,232400.5,2026-03-22 08:16:33.453
Newcastle City Council,Change of use,Determined,1,600000.0,600000.0,2026-03-20 23:25:30.31
Newcastle City Council,Change of use,Withdrawn,1,20000.0,20000.0,2026-03-27 22:41:57.67
Newcastle City Council,Demolition,Determined,7,1803183.0,257597.57142857142,2026-03-22 08:36:24.93
Newcastle City Council,Dual occupancy,Determined,3,1277628.0,425876.0,2026-03-20 23:30:27.363
Newcastle City Council,Dwelling,Determined,8,4085369.0,510671.125,2026-03-22 08:36:24.93
Newcastle City Council,Dwelling,Withdrawn,1,375000.0,375000.0,2026-03-22 07:35:04.677
Newcastle City Council,Earthworks / change in levels,Determined,2,1019498.0,509749.0,2026-03-20 23:10:10.097
Newcastle City Council,"Garages, carports and car parking spaces",Determined,5,1735250.0,347050.0,2026-03-22 08:16:33.453
Newcastle City Council,Health services facilities,Withdrawn,1,20000.0,20000.0,2026-03-27 22:41:57.67
Newcastle City Council,Industrial development,Determined,2,337000.0,168500.0,2026-03-22 08:40:52.507
Newcastle City Council,Multi-dwelling housing,Determined,2,1734451.6,867225.8,2026-03-22 08:16:40.783
Newcastle City Council,Office premises,Determined,1,600000.0,600000.0,2026-03-20 23:25:30.31
Newcastle City Council,Other,Determined,2,52035.0,26017.5,2026-03-22 07:31:28.987
Newcastle City Council,Other,Withdrawn,1,45000.0,45000.0,2026-03-20 23:01:56.857
Newcastle City Council,Pools / decks / fencing,Determined,9,1728583.0,192064.77777777778,2026-03-22 08:16:33.453
Newcastle City Council,Pools / decks / fencing,Withdrawn,1,35805.0,35805.0,2026-03-20 23:25:43.75
Newcastle City Council,Restaurant or cafe,Determined,1,1000.0,1000.0,2026-03-20 23:20:19.317
Newcastle City Council,"Retaining walls, protection of trees",Determined,1,374000.0,374000.0,2026-03-20 22:58:27.403
Newcastle City Council,Secondary dwelling,Determined,2,350845.0,175422.5,2026-03-22 08:16:53.83
Newcastle City Council,Secondary dwelling,Withdrawn,1,80000.0,80000.0,2026-03-21 23:00:23.747
Newcastle City Council,Shed,Determined,1,170000.0,170000.0,2026-03-20 23:17:00.76
Newcastle City Council,Small bar,Determined,1,0.0,0.0,2026-03-28 22:02:13.217
Newcastle City Council,Subdivision of land,Determined,5,2689048.6,537809.72,2026-03-22 08:16:40.783
North Sydney Council,Alterations and additions to commercial development,Determined,4,268142.0,134071.0,2026-03-20 23:25:30.433
North Sydney Council,Alterations and additions to commercial development,Rejected,1,422008.0,422008.0,2026-03-27 22:43:06.853
North Sydney Council,Alterations and additions to residential development,Determined,9,2053760.0,228195.55555555556,2026-03-28 22:28:55.963
North Sydney Council,Alterations and additions to residential development,Rejected,6,951108.0,158518.0,2026-03-27 22:43:06.853
North Sydney Council,"Balconies, decks, patios, terraces or verandahs",Rejected,1,407100.0,407100.0,2026-03-20 22:54:27.403
North Sydney Council,"Balconies, decks, patios, terraces or verandahs",Withdrawn,1,93000.0,93000.0,2026-03-20 22:38:33.07
North Sydney Council,Demolition,Determined,2,2116100.0,1058050.0,2026-03-20 23:25:33.133
North Sydney Council,Demolition,Rejected,1,407100.0,407100.0,2026-03-20 22:54:27.403
North Sydney Council,Dwelling,Determined,1,3130000.0,3130000.0,2026-03-22 08:42:01.833
North Sydney Council,Dwelling,Rejected,1,1000000.0,1000000.0,2026-03-22 07:44:39.97
North Sydney Council,"Garages, carports and car parking spaces",Determined,1,716100.0,716100.0,2026-03-20 23:25:33.133
North Sydney Council,"Garages, carports and car parking spaces",Rejected,1,407100.0,407100.0,2026-03-20 22:54:27.403
North Sydney Council,Mixed use development,Determined,1,0.0,0.0,2026-03-20 22:51:33.087
North Sydney Council,Multi-dwelling housing,Determined,1,1400000.0,1400000.0,2026-03-20 22:38:16.863
North Sydney Council,Office premises,Determined,1,56016650.0,56016650.0,2026-03-22 07:34:56.033
North Sydney Council,Other,Determined,3,151000.0,50333.333333333336,2026-03-22 07:25:38.537
North Sydney Council,Recreational Uses,Determined,1,3000.0,3000.0,2026-03-29 00:00:06.09
North Sydney Council,Residential flat building,Determined,1,0.0,0.0,2026-03-22 07:28:34.997
North Sydney Council,Residential flat building,Withdrawn,1,93000.0,93000.0,2026-03-20 22:38:33.07
North Sydney Council,Restaurant or cafe,Determined,1,0.0,0.0,2026-03-22 07:59:18.443
North Sydney Council,Semi-attached dwelling,Rejected,1,422008.0,422008.0,2026-03-27 22:43:06.853
North Sydney Council,Stratum / community title subdivision,Determined,1,0.0,0.0,2026-03-22 07:28:50.24
North Sydney Council,Subdivision of land,Withdrawn,1,0.0,0.0,2026-03-22 07:28:37.443
North Sydney Council,Telecommunications and communication facilities,Determined,1,165341.0,165341.0,2026-03-20 23:21:18.067
Northern Beaches Council,Alterations and additions to commercial development,Determined,2,2184763.0,1092381.5,2026-03-22 07:53:04.003
Northern Beaches Council,Alterations and additions to industrial development,Determined,1,,,2026-03-20 23:30:44.7
Northern Beaches Council,Alterations and additions to residential development,Determined,67,21551476.0,331561.1692307692,2026-03-28 23:53:45.71
Northern Beaches Council,Alterations and additions to residential development,Withdrawn,4,547257.0,136814.25,2026-03-22 08:43:58.37
Northern Beaches Council,Attached dwelling,Determined,1,0.0,0.0,2026-03-20 23:11:49.737
Northern Beaches Council,"Balconies, decks, patios, terraces or verandahs",Determined,16,11288550.0,705534.375,2026-03-22 08:26:37.727
Northern Beaches Council,"Balconies, decks, patios, terraces or verandahs",Withdrawn,1,90000.0,90000.0,2026-03-20 22:48:08.933
Northern Beaches Council,Boarding house,Determined,1,94322.8,94322.8,2026-03-20 22:53:20.607
Northern Beaches Council,Boarding house,Withdrawn,1,1949090.0,1949090.0,2026-03-20 23:16:04.557
Northern Beaches Council,Change of use,Determined,4,2306713.0,576678.25,2026-03-28 23:30:04.937
Northern Beaches Council,Change of use,Operational consent issued,1,0.0,0.0,2026-03-27 22:43:53.387
Northern Beaches Council,Change of use,Withdrawn,1,27500.0,27500.0,2026-03-20 23:20:47.68
Northern Beaches Council,Demolition,Determined,17,68384307.0,4022606.294117647,2026-03-22 08:28:45.207
Northern Beaches Council,Dual occupancy,Deferred Commencement,1,1054145.0,1054145.0,2026-03-20 23:16:56.823
Northern Beaches Council,Dwelling,Determined,34,30493788.87,983670.6087096775,2026-03-28 23:34:59.807
Northern Beaches Council,Dwelling,Withdrawn,4,1341075.0,335268.75,2026-03-20 23:24:37.037
Northern Beaches Council,Earthworks / change in levels,Determined,7,52611439.0,8768573.166666666,2026-03-22 08:36:17.303
Northern Beaches Council,"Garages, carports and car parking spaces",Determined,18,14765720.0,820317.7777777778,2026-03-28 23:25:17.133
Northern Beaches Council,Health services facilities,Determined,1,0.0,0.0,2026-03-20 22:49:01.82
Northern Beaches Council,Health services facilities,Withdrawn,1,,,2026-03-20 23:25:05.88
Northern Beaches Council,Home business,Determined,1,2000.0,2000.0,2026-03-22 08:31:29.863
Northern Beaches Council,Office premises,Determined,1,20000.0,20000.0,2026-03-20 23:09:55.427
Northern Beaches Council,Other,Determined,11,1124595.3599999999,102235.9418181818,2026-03-28 23:53:37.78
Northern Beaches Council,Pools / decks / fencing,Determined,29,20754933.36,715687.3572413793,2026-03-28 23:53:37.78
Northern Beaches Council,Recreational Uses,Determined,1,180000.0,180000.0,2026-03-20 22:27:06.027
Northern Beaches Council,Residential flat building,Determined,2,0.0,0.0,2026-03-20 23:04:03.85
Northern Beaches Council,Residential flat building,Withdrawn,1,31311467.0,31311467.0,2026-03-20 23:25:54.593
Northern Beaches Council,Retail premises ,Determined,1,48290000.0,48290000.0,2026-03-20 23:00:05.723
Northern Beaches Council,"Retaining walls, protection of trees",Determined,5,5922585.0,1184517.0,2026-03-28 23:25:17.133
Northern Beaches Council,Secondary dwelling,Determined,16,6302955.0,420197.0,2026-03-22 08:26:37.727
Northern Beaches Council,Secondary dwelling,Withdrawn,4,501500.0,125375.0,2026-03-22 08:28:43.243
Northern Beaches Council,Shed,Determined,1,479500.0,479500.0,2026-03-20 23:25:47.613
Northern Beaches Council,Shop top housing,Determined,2,0.0,0.0,2026-03-22 08:42:01.27
Northern Beaches Council,Signage,Determined,4,50726713.0,12681678.25,2026-03-28 23:30:04.937
Northern Beaches Council,Small bar,Determined,1,0.0,0.0,2026-03-22 08:43:42.71
Northern Beaches Council,Stormwater management systems,Determined,1,1530000.0,1530000.0,2026-03-20 23:02:02.86
Northern Beaches Council,Stratum / community title subdivision,Withdrawn,1,3869733.0,3869733.0,2026-03-22 08:42:09.473
Northern Beaches Council,Subdivision of land,Determined,4,48306000.0,12076500.0,2026-03-20 23:15:55.11
Northern Beaches Council,Subdivision of land,Withdrawn,2,3897233.0,1948616.5,2026-03-22 08:42:09.473
Northern Beaches Council,Take-away food and drink premises,Determined,1,170000.0,170000.0,2026-03-20 22:54:20.32
Oberon Council,Dwelling,Determined,1,55000.0,55000.0,2026-03-28 23:52:36.737
Orange City Council,Alterations and additions to commercial development,Determined,1,15950.0,15950.0,2026-03-22 08:10:48.383
Orange City Council,Alterations and additions to residential development,Determined,2,404325.0,202162.5,2026-03-22 08:20:16.047
Orange City Council,Dwelling,Determined,1,460000.0,460000.0,2026-03-22 08:04:59.14
Orange City Council,Subdivision of land,Determined,4,1545000.0,386250.0,2026-03-28 23:51:43.193
Parkes Shire Council,"Garages, carports and car parking spaces",Determined,1,37675.0,37675.0,2026-03-22 07:59:32.323
Parkes Shire Council,Shed,Determined,1,37675.0,37675.0,2026-03-22 07:59:32.323
Penrith City Council,Alterations and additions to commercial development,Determined,2,261150.0,130575.0,2026-03-20 22:39:07.94
Penrith City Council,Alterations and additions to commercial development,Withdrawn,1,766007.0,766007.0,2026-03-20 23:04:49.17
Penrith City Council,Alterations and additions to industrial development,Determined,5,1551610.73,387902.6825,2026-03-22 08:29:33.35
Penrith City Council,Alterations and additions to residential development,Determined,14,2038650.0,145617.85714285713,2026-03-22 07:57:52.993
Penrith City Council,Alterations and additions to residential development,Withdrawn,1,3000.0,3000.0,2026-03-20 23:04:49.863
Penrith City Council,"Balconies, decks, patios, terraces or verandahs",Cancelled,1,37730.0,37730.0,2026-03-20 22:49:53.943
Penrith City Council,"Balconies, decks, patios, terraces or verandahs",Determined,5,1668757.75,333751.55,2026-03-20 23:11:43.123
Penrith City Council,Boarding house,Determined,2,2937137.0,1468568.5,2026-03-22 07:28:21.867
Penrith City Council,Centre based childcare,Determined,1,15000.0,15000.0,2026-03-20 22:27:34.35
Penrith City Council,Change of use,Determined,2,15000.0,7500.0,2026-03-20 23:09:17.883
Penrith City Council,Demolition,Determined,8,4473363.73,559170.46625,2026-03-22 08:30:26.72
Penrith City Council,Demolition,Withdrawn,1,2200000.0,2200000.0,2026-03-20 22:44:32.18
Penrith City Council,Dual occupancy,Determined,5,970988.63,194197.726,2026-03-22 08:32:02.197
Penrith City Council,Dual occupancy,Rejected,1,0.0,0.0,2026-03-28 22:05:00.527
Penrith City Council,Dual occupancy,Withdrawn,3,861330.0,287110.0,2026-03-22 08:17:07.717
Penrith City Council,Dwelling,Determined,34,17907780.77,526699.4344117647,2026-03-22 08:42:04.417
Penrith City Council,Dwelling,Withdrawn,1,2200000.0,2200000.0,2026-03-20 22:44:32.18
Penrith City Council,Earthworks / change in levels,Determined,1,226120.91,226120.91,2026-03-22 08:32:51.943
Penrith City Council,Farm buildings,Determined,1,60000.0,60000.0,2026-03-20 23:11:43.123
Penrith City Council,"Garages, carports and car parking spaces",Determined,6,619650.0,103275.0,2026-03-22 08:42:11.3
Penrith City Council,Home business,Determined,1,0.0,0.0,2026-03-20 23:15:32.087
Penrith City Council,Industrial development,Determined,5,16152548.5,4038137.125,2026-03-22 08:17:04.03
Penrith City Council,Mixed use development,Determined,1,400000.0,400000.0,2026-03-20 22:33:03.127
Penrith City Council,Multi-dwelling housing,Determined,4,4850000.0,1212500.0,2026-03-20 23:01:37.07
Penrith City Council,Other,Determined,6,6337101.48,1056183.58,2026-03-20 23:20:03.79
Penrith City Council,Other,Rejected,1,80000.0,80000.0,2026-03-20 22:28:14.923
Penrith City Council,Other,Withdrawn,1,33596.0,33596.0,2026-03-20 22:58:53.91
Penrith City Council,Place of public worship,Determined,1,246720.0,246720.0,2026-03-20 22:32:41.773
Penrith City Council,Pools / decks / fencing,Determined,9,2521720.0,280191.1111111111,2026-03-22 08:43:39.977
Penrith City Council,Retail premises ,Determined,1,45000.0,45000.0,2026-03-20 22:32:50.843
Penrith City Council,"Retaining walls, protection of trees",Determined,3,1009305.0,336435.0,2026-03-20 23:10:05.827
Penrith City Council,Secondary dwelling,Determined,7,802439.0,114634.14285714286,2026-03-22 08:43:31.22
Penrith City Council,Semi-attached dwelling,Determined,1,600000.0,600000.0,2026-03-20 23:04:30.547
Penrith City Council,Shed,Determined,7,910490.0,130070.0,2026-03-22 08:39:23.803
Penrith City Council,Signage,Determined,1,60310.8,60310.8,2026-03-22 08:43:54.9
Penrith City Council,Small bar,Determined,1,2000.0,2000.0,2026-03-20 22:33:48.78
Penrith City Council,Stormwater management systems,Determined,1,331938.73,331938.73,2026-03-20 22:54:29.83
Penrith City Council,Subdivision of land,Determined,10,7243861.0,724386.1,2026-03-22 08:17:04.03
Penrith City Council,Subdivision of land,Rejected,1,0.0,0.0,2026-03-28 22:05:00.527
Penrith City Council,Waste and resource management facilities ,Determined,3,22372510.099999998,7457503.366666666,2026-03-22 08:23:31.593
Port Macquarie-Hastings Council,Other,Determined,2,327443.0,163721.5,2026-03-28 21:59:05.907
Port Macquarie-Hastings Council,Subdivision of land,Determined,2,327443.0,163721.5,2026-03-28 22:00:33.467
Port Stephens Council,Alterations and additions to commercial development,Determined,1,405000.99,405000.99,2026-03-22 07:44:45.41
Port Stephens Council,Alterations and additions to residential development,Determined,1,46300.0,46300.0,2026-03-28 23:48:57.94
Port Stephens Council,Demolition,Determined,1,850000.0,850000.0,2026-03-20 23:09:48.283
Port Stephens Council,Dual occupancy,Determined,3,1555000.0,518333.3333333333,2026-03-22 08:11:09.613
Port Stephens Council,Dual occupancy,Under Assessment,1,600000.0,600000.0,2026-03-20 23:04:07.373
Port Stephens Council,Dwelling,Determined,1,314664.0,314664.0,2026-03-20 23:21:14.51
Port Stephens Council,Dwelling,Under Assessment,1,490000.0,490000.0,2026-03-20 23:20:56.08
Port Stephens Council,Earthworks / change in levels,Under Assessment,1,490000.0,490000.0,2026-03-20 23:20:56.08
Port Stephens Council,Other,Additional Information Requested,1,0.0,0.0,2026-03-20 22:50:42.53
Port Stephens Council,Other,Determined,2,86000.0,43000.0,2026-03-20 23:30:44.19
Port Stephens Council,Pools / decks / fencing,Determined,1,40605.0,40605.0,2026-03-20 22:48:20.08
Port Stephens Council,Secondary dwelling,Determined,1,85000.0,85000.0,2026-03-20 23:15:02.48
Port Stephens Council,Shed,Determined,2,935000.0,467500.0,2026-03-20 23:15:02.48
Port Stephens Council,Shed,Under Assessment,1,490000.0,490000.0,2026-03-20 23:20:56.08
Port Stephens Council,Subdivision of land,Additional Information Requested,1,0.0,0.0,2026-03-20 22:50:42.53
Port Stephens Council,Subdivision of land,Determined,1,700000.0,700000.0,2026-03-22 07:52:46.377
Port Stephens Council,Subdivision of land,Under Assessment,1,600000.0,600000.0,2026-03-20 23:04:07.373
Queanbeyan-Palerang Regional Council,Alterations and additions to residential development,Determined,5,2474300.0,494860.0,2026-03-28 23:52:09.877
Queanbeyan-Palerang Regional Council,"Balconies, decks, patios, terraces or verandahs",Determined,5,1415856.0,283171.2,2026-03-28 23:53:42.76
Queanbeyan-Palerang Regional Council,Demolition,Determined,1,1244000.0,1244000.0,2026-03-28 23:51:59.76
Queanbeyan-Palerang Regional Council,Dual occupancy,Determined,1,300000.0,300000.0,2026-03-20 23:21:15.083
Queanbeyan-Palerang Regional Council,Dwelling,Determined,22,7918825.0,359946.5909090909,2026-03-28 23:55:35.203
Queanbeyan-Palerang Regional Council,Earthworks / change in levels,Determined,1,1244000.0,1244000.0,2026-03-28 23:51:59.76
Queanbeyan-Palerang Regional Council,"Garages, carports and car parking spaces",Determined,6,2257490.0,376248.3333333333,2026-03-28 23:51:59.76
Queanbeyan-Palerang Regional Council,Industrial development,Deferred Commencement,1,600.0,600.0,2026-03-28 22:56:58.01
Queanbeyan-Palerang Regional Council,Other,Determined,2,944205.0,472102.5,2026-03-22 07:52:40.52
Queanbeyan-Palerang Regional Council,Pools / decks / fencing,Determined,3,1403210.0,467736.6666666667,2026-03-28 23:51:59.76
Queanbeyan-Palerang Regional Council,"Retaining walls, protection of trees",Determined,1,1244000.0,1244000.0,2026-03-28 23:51:59.76
Queanbeyan-Palerang Regional Council,Secondary dwelling,Determined,1,175369.0,175369.0,2026-03-20 23:21:22.43
Queanbeyan-Palerang Regional Council,Shed,Determined,2,340000.0,170000.0,2026-03-20 23:25:09.537
Queanbeyan-Palerang Regional Council,Stormwater management systems,Determined,1,827970.0,827970.0,2026-03-20 23:25:27.597
Randwick City Council,Alterations and additions to residential development,Determined,2,492200.0,246100.0,2026-03-22 08:28:35.377
Randwick City Council,Alterations and additions to residential development,Rejected,2,594000.0,297000.0,2026-03-22 08:15:51.63
Randwick City Council,Alterations and additions to residential development,Withdrawn,2,2281484.0,2281484.0,2026-03-20 23:21:01.72
Randwick City Council,Business premises,Withdrawn,1,27800.0,27800.0,2026-03-20 22:47:50.497
Randwick City Council,Demolition,Determined,1,1293000.0,1293000.0,2026-03-20 22:53:22.343
Randwick City Council,Dual occupancy,Determined,2,1293000.0,646500.0,2026-03-20 22:56:54.243
Randwick City Council,Dwelling,Determined,2,1778000.0,889000.0,2026-03-20 22:57:04.67
Randwick City Council,"Garages, carports and car parking spaces",Determined,1,485000.0,485000.0,2026-03-20 22:57:04.67
Randwick City Council,Other,Determined,1,0.0,0.0,2026-03-20 22:50:35.69
Randwick City Council,Other,Withdrawn,1,321200.0,321200.0,2026-03-22 08:04:28.553
Randwick City Council,Pools / decks / fencing,Determined,1,100000.0,100000.0,2026-03-28 23:55:13.357
Randwick City Council,Secondary dwelling,Determined,1,485000.0,485000.0,2026-03-20 22:57:04.67
Randwick City Council,Secondary dwelling,Rejected,1,97000.0,97000.0,2026-03-20 23:06:03.14
Randwick City Council,Signage,Rejected,1,53570.0,53570.0,2026-03-20 22:33:33.617
Richmond Valley Council,Other,Determined,1,0.0,0.0,2026-03-22 07:40:16.903
Ryde City Council,Alterations and additions to commercial development,Determined,2,40000.0,20000.0,2026-03-20 22:42:59.32
Ryde City Council,Alterations and additions to residential development,Determined,6,2345511.74,390918.62333333335,2026-03-22 08:36:20.347
Ryde City Council,Attached dwelling,Determined,1,1000000.0,1000000.0,2026-03-27 22:43:07.72
Ryde City Council,"Balconies, decks, patios, terraces or verandahs",Determined,3,861089.0,287029.6666666667,2026-03-22 07:51:57.153
Ryde City Council,Change of use,Determined,1,35000.0,35000.0,2026-03-22 07:44:58.29
Ryde City Council,Demolition,Determined,5,35296921.62,7059384.323999999,2026-03-22 08:29:42.723
Ryde City Council,Dual occupancy,Determined,11,7118673.4,790963.7111111111,2026-03-28 23:50:10.817
Ryde City Council,Dwelling,Determined,10,6376820.62,637682.062,2026-03-28 23:51:26.38
Ryde City Council,Entertainment facility,Withdrawn,1,63140.0,63140.0,2026-03-20 22:39:16.863
Ryde City Council,"Garages, carports and car parking spaces",Determined,4,590550.0,147637.5,2026-03-22 08:32:57.747
Ryde City Council,Manor houses,Determined,1,1339000.0,1339000.0,2026-03-20 22:24:47.157
Ryde City Council,Mixed use development,Determined,2,32632146.0,16316073.0,2026-03-20 23:01:44.397
Ryde City Council,Multi-dwelling housing,Determined,2,1318999.0,1318999.0,2026-03-28 23:37:44.163
Ryde City Council,Other,Determined,4,32644146.0,8161036.5,2026-03-28 23:38:16.14
Ryde City Council,Other,Withdrawn,1,1500.0,1500.0,2026-03-20 23:04:41.293
Ryde City Council,Pools / decks / fencing,Determined,6,2953563.62,492260.60333333333,2026-03-22 08:29:42.723
Ryde City Council,"Retaining walls, protection of trees",Determined,2,774199.0,387099.5,2026-03-22 07:25:09.857
Ryde City Council,School based child care,Determined,1,,,2026-03-20 22:38:42.593
Ryde City Council,Shop top housing,Determined,1,87450.0,87450.0,2026-03-21 23:19:20.253
Ryde City Council,Signage,Determined,4,182382.0,45595.5,2026-03-28 23:52:23.823
Ryde City Council,Subdivision of land,Determined,10,2227563.0,222756.3,2026-03-28 23:52:27.847
Ryde City Council,Take-away food and drink premises,Determined,1,32632146.0,32632146.0,2026-03-20 23:01:44.397
Shellharbour City Council,Alterations and additions to commercial development,Determined,1,150000.0,150000.0,2026-03-22 07:28:29.183
Shellharbour City Council,Alterations and additions to residential development,Determined,2,19500.0,9750.0,2026-03-20 23:11:37.923
Shellharbour City Council,Alterations and additions to residential development,Withdrawn,1,368280.0,368280.0,2026-03-28 23:53:28.047
Shellharbour City Council,"Balconies, decks, patios, terraces or verandahs",Determined,3,1245500.0,415166.6666666667,2026-03-27 22:51:57.29
Shellharbour City Council,Centre based childcare,Determined,1,1200000.0,1200000.0,2026-03-22 07:40:09.57
Shellharbour City Council,Demolition,Determined,11,6111500.45,611150.045,2026-03-22 08:20:47.707
Shellharbour City Council,Demolition,Withdrawn,1,1100000.0,1100000.0,2026-03-22 07:34:30.593
Shellharbour City Council,Dual occupancy,Determined,8,3975319.95,567902.85,2026-03-22 08:42:13.13
Shellharbour City Council,Dwelling,Determined,30,14011457.999999998,467048.5999999999,2026-03-28 23:53:34.517
Shellharbour City Council,Dwelling,Withdrawn,2,1381730.0,690865.0,2026-03-22 07:31:11.217
Shellharbour City Council,Earthworks / change in levels,Determined,1,1500.0,1500.0,2026-03-20 22:33:52.467
Shellharbour City Council,"Garages, carports and car parking spaces",Determined,1,106480.0,106480.0,2026-03-20 23:11:08.627
Shellharbour City Council,Multi-dwelling housing,Determined,10,8093450.5,809345.05,2026-03-22 07:58:58.3
Shellharbour City Council,Multi-dwelling housing,Withdrawn,1,1100000.0,1100000.0,2026-03-22 07:34:30.593
Shellharbour City Council,Other,Determined,2,111000.0,55500.0,2026-03-27 22:40:50.94
Shellharbour City Council,Other,Withdrawn,1,0.0,0.0,2026-03-22 07:28:13.973
Shellharbour City Council,Pools / decks / fencing,Determined,3,1237000.0,412333.3333333333,2026-03-28 23:51:52.97
Shellharbour City Council,Pub,Determined,1,150000.0,150000.0,2026-03-20 23:20:46.57
Shellharbour City Council,Residential flat building,Withdrawn,1,1700000.0,1700000.0,2026-03-22 07:35:12.77
Shellharbour City Council,"Retaining walls, protection of trees",Determined,2,111480.0,55740.0,2026-03-20 23:11:08.627
Shellharbour City Council,Secondary dwelling,Determined,2,551000.0,275500.0,2026-03-22 07:31:05.52
Shellharbour City Council,Shed,Determined,2,92000.0,46000.0,2026-03-22 07:58:32.917
Shellharbour City Council,Stormwater management systems,Determined,1,1500.0,1500.0,2026-03-20 22:33:52.467
Shellharbour City Council,Subdivision of land,Determined,11,4612319.95,461231.995,2026-03-28 23:48:03.8
Shoalhaven City Council,Alterations and additions to commercial development,Determined,1,70000.0,70000.0,2026-03-22 08:17:09.857
Shoalhaven City Council,Alterations and additions to residential development,Determined,12,1810080.0,181008.0,2026-03-29 00:00:04.933
Shoalhaven City Council,Alterations and additions to residential development,Withdrawn,1,12540.0,12540.0,2026-03-28 23:49:00.837
Shoalhaven City Council,"Balconies, decks, patios, terraces or verandahs",Determined,8,2936124.0,367015.5,2026-03-28 22:02:04.3
Shoalhaven City Council,Bed and breakfast accommodation,Determined,1,72270.0,72270.0,2026-03-22 07:59:21.153
Shoalhaven City Council,Change of use,Determined,1,183500.0,183500.0,2026-03-21 23:00:12.217
Shoalhaven City Council,Demolition,Determined,5,12301883.0,2460376.6,2026-03-22 08:43:52.543
Shoalhaven City Council,Dual occupancy,Determined,2,1087560.0,543780.0,2026-03-22 08:05:13.173
Shoalhaven City Council,Dwelling,Determined,17,7196827.0,423342.76470588235,2026-03-28 23:49:06.887
Shoalhaven City Council,Earthworks / change in levels,Determined,1,428859.0,428859.0,2026-03-28 22:02:04.3
Shoalhaven City Council,Earthworks / change in levels,Withdrawn,1,4752625.0,4752625.0,2026-03-20 23:20:16.77
Shoalhaven City Council,Farm buildings,Withdrawn,1,4752625.0,4752625.0,2026-03-20 23:20:16.77
Shoalhaven City Council,"Garages, carports and car parking spaces",Determined,10,2716460.0,271646.0,2026-03-28 23:47:59.727
Shoalhaven City Council,Hotel or motel accommodation,Determined,1,6815000.0,6815000.0,2026-03-22 08:43:52.543
Shoalhaven City Council,Industrial development,Determined,1,4854441.9,4854441.9,2026-03-22 07:37:47.007
Shoalhaven City Council,Multi-dwelling housing,Determined,1,900000.0,900000.0,2026-03-22 08:04:04.817
Shoalhaven City Council,Other,Determined,4,5090773.0,1272693.25,2026-03-22 07:31:05.01
Shoalhaven City Council,Other,Withdrawn,2,4802625.0,2401312.5,2026-03-20 23:30:41.883
Shoalhaven City Council,Pools / decks / fencing,Determined,8,2449569.0,306196.125,2026-03-28 23:52:19.203
Shoalhaven City Council,Pools / decks / fencing,Withdrawn,1,12540.0,12540.0,2026-03-28 23:49:00.837
Shoalhaven City Council,"Retaining walls, protection of trees",Determined,3,770841.95,256947.31666666665,2026-03-22 07:40:22.903
Shoalhaven City Council,Secondary dwelling,Determined,2,648940.0,324470.0,2026-03-22 08:04:36.943
Shoalhaven City Council,Shed,Determined,1,28000.0,28000.0,2026-03-22 07:37:22.507
Shoalhaven City Council,Shed,Withdrawn,1,100000.0,100000.0,2026-03-22 07:59:26.66
Shoalhaven City Council,Signage,Determined,2,3513673.0,1756836.5,2026-03-22 07:28:16.05
Shoalhaven City Council,Stormwater management systems,Determined,1,428859.0,428859.0,2026-03-28 22:02:04.3
Shoalhaven City Council,Stratum / community title subdivision,Determined,2,1509900.0,754950.0,2026-03-22 08:04:04.817
Shoalhaven City Council,Subdivision of land,Determined,5,4975683.0,995136.6,2026-03-28 22:05:02.53
Shoalhaven City Council,Take-away food and drink premises,Determined,1,3487273.0,3487273.0,2026-03-20 22:43:47.45
Singleton Council,Dwelling,Determined,3,1236902.0,412300.6666666667,2026-03-28 23:57:42.093
Singleton Council,"Garages, carports and car parking spaces",Determined,1,230000.0,230000.0,2026-03-28 23:57:42.093
Singleton Council,Industrial development,Determined,1,910800.0,910800.0,2026-03-28 21:59:03.973
Singleton Council,Office premises,Determined,1,910800.0,910800.0,2026-03-28 21:59:03.973
Singleton Council,Pools / decks / fencing,Determined,1,21695.0,21695.0,2026-03-28 22:00:25.683
Singleton Council,Shed,Determined,1,9000.0,9000.0,2026-03-22 08:11:51.47
Singleton Council,Stormwater management systems,Determined,1,552482.0,552482.0,2026-03-28 22:00:36.997
Singleton Council,Subdivision of land,Withdrawn,1,0.0,0.0,2026-03-28 22:00:23.72
Snowy Monaro Regional Council,Dwelling,Determined,1,415647.0,415647.0,2026-03-28 23:47:50.45
Snowy Monaro Regional Council,Other,Determined,1,411500.0,411500.0,2026-03-28 23:51:35.237
Snowy Valleys Council,Dwelling,Determined,1,66000.0,66000.0,2026-03-22 07:40:20.163
Snowy Valleys Council,Shed,Determined,1,50000.0,50000.0,2026-03-20 23:21:08.26
Snowy Valleys Council,Subdivision of land,Determined,1,0.0,0.0,2026-03-22 08:31:29.23
Strathfield Municipal Council,Alterations and additions to industrial development,Cancelled,1,24000.0,24000.0,2026-03-20 22:25:34.33
Strathfield Municipal Council,Alterations and additions to industrial development,Determined,1,2000000.0,2000000.0,2026-03-20 23:25:26.437
Strathfield Municipal Council,Alterations and additions to residential development,Determined,2,52200.0,26100.0,2026-03-20 22:44:01.487
Strathfield Municipal Council,Alterations and additions to residential development,Withdrawn,1,4400.0,4400.0,2026-03-20 22:54:27.89
Strathfield Municipal Council,Boarding house,Determined,1,0.0,0.0,2026-03-20 22:45:57.773
Strathfield Municipal Council,Centre based childcare,Determined,1,0.0,0.0,2026-03-20 22:59:34.573
Strathfield Municipal Council,Change of use,Cancelled,1,24000.0,24000.0,2026-03-20 22:25:34.33
Strathfield Municipal Council,Demolition,Determined,3,4607767.0,1535922.3333333333,2026-03-22 07:31:00.233
Strathfield Municipal Council,Dwelling,Determined,10,10479910.0,1164434.4444444445,2026-03-22 08:26:35.13
Strathfield Municipal Council,Other,Determined,3,3700.0,1233.3333333333333,2026-03-22 08:28:41.913
Strathfield Municipal Council,Pools / decks / fencing,Determined,4,4617767.0,1154441.75,2026-03-22 07:34:26.33
Strathfield Municipal Council,Secondary dwelling,Determined,1,1503000.0,1503000.0,2026-03-22 07:25:22.543
Strathfield Municipal Council,Secondary dwelling,Withdrawn,1,85000.0,85000.0,2026-03-20 22:42:46.597
Sutherland Shire Council,Alterations and additions to commercial development,Determined,2,36640.0,18320.0,2026-03-20 23:16:23.267
Sutherland Shire Council,Alterations and additions to industrial,Determined,1,550000.0,550000.0,2026-03-20 22:48:15.37
Sutherland Shire Council,Alterations and additions to industrial development,Determined,2,350020.0,175010.0,2026-03-20 23:25:11.13
Sutherland Shire Council,Alterations and additions to residential development,Determined,112,30231757.869999997,287921.5035238095,2026-03-28 23:52:24.95
Sutherland Shire Council,Alterations and additions to residential development,Rejected,1,252670.0,252670.0,2026-03-20 22:44:05.28
Sutherland Shire Council,Alterations and additions to residential development,Withdrawn,3,485700.0,161900.0,2026-03-20 22:55:40.37
Sutherland Shire Council,Attached dwelling,Determined,1,2569600.0,2569600.0,2026-03-22 07:25:55.283
Sutherland Shire Council,"Balconies, decks, patios, terraces or verandahs",Determined,28,6682139.0,257005.34615384616,2026-03-28 22:26:05.903
Sutherland Shire Council,"Balconies, decks, patios, terraces or verandahs",Withdrawn,2,729013.17,364506.585,2026-03-20 23:25:19.26
Sutherland Shire Council,Boarding house,Determined,2,7750000.0,7750000.0,2026-03-22 08:33:26.08
Sutherland Shire Council,Business premises,Determined,1,10000.0,10000.0,2026-03-20 22:27:53.73
Sutherland Shire Council,Business premises,Withdrawn,1,1870000.0,1870000.0,2026-03-20 22:32:59.943
Sutherland Shire Council,Change of use,Determined,7,776412.0,110916.0,2026-03-20 23:04:12.51
Sutherland Shire Council,Commercial development,Determined,3,13821535.0,4607178.333333333,2026-03-20 22:48:11.74
Sutherland Shire Council,Commercial development,Withdrawn,1,430000.0,430000.0,2026-03-20 23:15:32.65
Sutherland Shire Council,Demolition,Determined,39,50941650.0,1340569.7368421052,2026-03-28 23:52:24.38
Sutherland Shire Council,Demolition,Rejected,1,798050.0,798050.0,2026-03-20 22:25:53.827
Sutherland Shire Council,Demolition,Withdrawn,3,2303194.17,767731.39,2026-03-20 23:24:49.65
Sutherland Shire Council,Dual occupancy,Determined,43,29399583.0,734989.575,2026-03-22 08:31:39.373
Sutherland Shire Council,Dual occupancy,Rejected,3,1598050.0,532683.3333333334,2026-03-20 23:09:53.783
Sutherland Shire Council,Dual occupancy,Withdrawn,3,2411736.0,803912.0,2026-03-20 23:24:49.65
Sutherland Shire Council,Dwelling,Determined,40,28932637.55,723315.93875,2026-03-28 23:52:24.38
Sutherland Shire Council,Dwelling,Withdrawn,3,2128894.17,709631.39,2026-03-22 07:28:12.973
Sutherland Shire Council,Earthworks / change in levels,Determined,5,2525000.0,505000.0,2026-03-22 08:24:59.163
Sutherland Shire Council,Food and drink premises,Withdrawn,1,759000.0,759000.0,2026-03-20 23:00:44.927
Sutherland Shire Council,"Garages, carports and car parking spaces",Determined,16,6652750.0,415796.875,2026-03-22 08:38:07.52
Sutherland Shire Council,Health services facilities,Determined,2,20568242.0,10284121.0,2026-03-20 23:20:25.73
Sutherland Shire Council,Industrial development,Deferred Commencement,1,2829635.6,2829635.6,2026-03-20 23:11:19.61
Sutherland Shire Council,Industrial development,Determined,7,11528000.0,1646857.142857143,2026-03-20 23:04:24.93
Sutherland Shire Council,Mixed use development,Determined,1,,,2026-03-20 22:58:32.773
Sutherland Shire Council,Multi-dwelling housing,Deferred Commencement,1,3360839.0,3360839.0,2026-03-20 22:55:02.053
Sutherland Shire Council,Multi-dwelling housing,Determined,9,13866438.5,1980919.7857142857,2026-03-22 07:25:55.283
Sutherland Shire Council,Multi-dwelling housing,Withdrawn,3,5808294.0,2904147.0,2026-03-20 23:11:26.177
Sutherland Shire Council,Office premises,Withdrawn,1,1870000.0,1870000.0,2026-03-20 22:32:59.943
Sutherland Shire Council,Other,Determined,21,55571823.6,2924832.821052632,2026-03-28 23:29:23.06
Sutherland Shire Council,Other,Withdrawn,4,242520.0,60630.0,2026-03-22 08:24:44.117
Sutherland Shire Council,Place of public worship,Determined,1,600.0,600.0,2026-03-20 22:28:19.703
Sutherland Shire Council,Pools / decks / fencing,Determined,57,25687856.7,467051.94,2026-03-28 23:49:02.64
Sutherland Shire Council,Pools / decks / fencing,Rejected,2,828089.0,414044.5,2026-03-20 23:04:10.213
Sutherland Shire Council,Pools / decks / fencing,Withdrawn,3,830013.17,276671.0566666667,2026-03-20 23:21:11.887
Sutherland Shire Council,Recreational Uses,Determined,1,18170.0,18170.0,2026-03-20 22:38:32.117
Sutherland Shire Council,Residential flat building,Determined,7,56771423.0,11354284.6,2026-03-20 23:15:59.49
Sutherland Shire Council,Restaurant or cafe,Determined,2,97900.0,48950.0,2026-03-22 08:43:31.797
Sutherland Shire Council,Retail premises ,Determined,1,0.0,0.0,2026-03-20 22:50:55.2
Sutherland Shire Council,"Retaining walls, protection of trees",Determined,8,3090498.0,441499.71428571426,2026-03-28 23:49:02.64
Sutherland Shire Council,Secondary dwelling,Determined,9,2128545.92,266068.24,2026-03-28 22:05:51.68
Sutherland Shire Council,Secondary dwelling,Withdrawn,4,926214.17,231553.5425,2026-03-20 23:21:27.32
Sutherland Shire Council,Shed,Determined,3,235500.0,78500.0,2026-03-22 08:32:52.617
Sutherland Shire Council,Signage,Determined,3,59600.0,19866.666666666668,2026-03-22 08:33:00.327
Sutherland Shire Council,Stormwater management systems,Determined,1,950000.0,950000.0,2026-03-28 23:51:40.34
Sutherland Shire Council,Stratum / community title subdivision,Determined,2,5482000.0,2741000.0,2026-03-20 22:32:06.773
Sutherland Shire Council,Subdivision of land,Determined,25,15837024.0,633480.96,2026-03-22 08:31:39.373
Sutherland Shire Council,Subdivision of land,Withdrawn,2,1574181.0,787090.5,2026-03-20 23:24:49.65
Sutherland Shire Council,Take-away food and drink premises,Determined,1,16070.0,16070.0,2026-03-20 22:56:33.453
Tamworth Regional Council,Shed,Determined,1,6000.0,6000.0,2026-03-28 21:59:01.45
The Council of the Municipality of Hunters Hill,Alterations and additions to residential development,Determined,4,1245000.0,415000.0,2026-03-20 22:58:29.103
The Council of the Municipality of Hunters Hill,"Balconies, decks, patios, terraces or verandahs",Determined,2,37352.0,18676.0,2026-03-28 22:41:21.213
The Council of the Municipality of Hunters Hill,Demolition,Determined,2,1477500.0,738750.0,2026-03-20 22:38:52.427
The Council of the Municipality of Hunters Hill,Dual occupancy,Determined,1,1182500.0,1182500.0,2026-03-20 22:37:33.847
The Council of the Municipality of Hunters Hill,Dwelling,Determined,2,2145000.0,1072500.0,2026-03-20 22:42:46.28
The Council of the Municipality of Hunters Hill,Dwelling,Withdrawn,1,0.0,0.0,2026-03-20 22:25:21.61
The Council of the Municipality of Hunters Hill,Other,Determined,1,0.0,0.0,2026-03-20 23:05:09.977
The Council of the Municipality of Hunters Hill,Pools / decks / fencing,Determined,3,3602500.0,1200833.3333333333,2026-03-20 22:39:05.287
The Council of the Municipality of Hunters Hill,Stratum / community title subdivision,Determined,1,1182500.0,1182500.0,2026-03-20 22:37:33.847
The Council of the Municipality of Kiama,Alterations and additions to residential development,Determined,5,931203.0,186240.6,2026-03-28 23:48:49.79
The Council of the Municipality of Kiama,"Balconies, decks, patios, terraces or verandahs",Determined,2,278853.0,139426.5,2026-03-27 22:40:44.01
The Council of the Municipality of Kiama,Change of use,Determined,1,1710986.3,1710986.3,2026-03-22 07:51:39.25
The Council of the Municipality of Kiama,Demolition,Determined,2,463756.0,231878.0,2026-03-22 08:38:12.9
The Council of the Municipality of Kiama,Dual occupancy,Determined,1,,,2026-03-28 23:38:11.293
The Council of the Municipality of Kiama,Dwelling,Determined,5,3414335.3,682867.0599999999,2026-03-22 08:11:23.5
The Council of the Municipality of Kiama,Farm buildings,Deferred Commencement,1,603707.0,603707.0,2026-03-22 08:26:39.397
The Council of the Municipality of Kiama,"Garages, carports and car parking spaces",Determined,1,35000.0,35000.0,2026-03-22 07:31:29.497
The Council of the Municipality of Kiama,Other,Determined,2,1713486.3,856743.15,2026-03-28 23:50:12.537
The Council of the Municipality of Kiama,"Retaining walls, protection of trees",Determined,1,35000.0,35000.0,2026-03-22 07:31:29.497
The Council of the Municipality of Kiama,Secondary dwelling,Determined,1,377000.0,377000.0,2026-03-20 23:15:21.22
The Council of the Municipality of Kiama,Subdivision of land,Deferred Commencement,1,603707.0,603707.0,2026-03-22 08:26:39.397
The Council of the Municipality of Kiama,Subdivision of land,Determined,3,80000.0,40000.0,2026-03-28 23:38:11.293
The Council of the Municipality of Kiama,Telecommunications and communication facilities,Determined,1,220000.0,220000.0,2026-03-20 22:43:56.91
The Council of the Shire of Hornsby,Alterations and additions to industrial development,Determined,1,300000.0,300000.0,2026-03-29 00:00:00.533
The Council of the Shire of Hornsby,Alterations and additions to residential development,Determined,26,8101489.3,324059.572,2026-03-28 23:48:03.193
The Council of the Shire of Hornsby,Alterations and additions to residential development,Withdrawn,1,40000.0,40000.0,2026-03-20 22:28:22.703
The Council of the Shire of Hornsby,"Balconies, decks, patios, terraces or verandahs",Determined,13,2342267.0,180174.38461538462,2026-03-28 23:48:03.193
The Council of the Shire of Hornsby,Change of use,Determined,3,5424466.0,1808155.3333333333,2026-03-28 22:05:03.34
The Council of the Shire of Hornsby,Demolition,Determined,7,3557250.5,508178.64285714284,2026-03-22 07:40:05.85
The Council of the Shire of Hornsby,Dwelling,Determined,19,9048127.0,502673.72222222225,2026-03-27 22:52:12.923
The Council of the Shire of Hornsby,Dwelling,Rejected,3,796723.0,265574.3333333333,2026-03-28 23:38:00.23
The Council of the Shire of Hornsby,Earthworks / change in levels,Determined,2,1128700.0,564350.0,2026-03-20 23:25:53.56
The Council of the Shire of Hornsby,Educational establishment ,Determined,2,25260266.0,12630133.0,2026-03-28 22:05:03.34
The Council of the Shire of Hornsby,Educational establishment ,Rejected,1,17000.0,17000.0,2026-03-28 23:51:35.457
The Council of the Shire of Hornsby,Farm buildings,Determined,1,20000.0,20000.0,2026-03-20 23:15:36.173
The Council of the Shire of Hornsby,"Garages, carports and car parking spaces",Determined,7,1254950.0,179278.57142857142,2026-03-22 07:34:39.24
The Council of the Shire of Hornsby,"Garages, carports and car parking spaces",Withdrawn,1,50000.0,50000.0,2026-03-20 22:27:19.133
The Council of the Shire of Hornsby,Other,Determined,5,524700.0,104940.0,2026-03-28 21:56:37.753
The Council of the Shire of Hornsby,Pools / decks / fencing,Determined,13,1899168.0,158264.0,2026-03-28 23:51:58.207
The Council of the Shire of Hornsby,"Port, wharf, boating facilities",Determined,1,40000.0,40000.0,2026-03-20 23:11:21.24
The Council of the Shire of Hornsby,Recreational Uses,Determined,2,1171800.5,585900.25,2026-03-22 07:40:05.85
The Council of the Shire of Hornsby,Residential flat building,Determined,1,,,2026-03-22 08:38:12.39
The Council of the Shire of Hornsby,"Retaining walls, protection of trees",Determined,5,1598952.0,319790.4,2026-03-22 07:30:56.75
The Council of the Shire of Hornsby,Secondary dwelling,Determined,9,1593163.0,177018.11111111112,2026-03-22 08:43:28.443
The Council of the Shire of Hornsby,Secondary dwelling,Withdrawn,2,68000.0,34000.0,2026-03-20 23:10:16.363
The Council of the Shire of Hornsby,Shed,Determined,4,646390.0,161597.5,2026-03-22 08:33:26.667
The Council of the Shire of Hornsby,Shed,Withdrawn,1,50000.0,50000.0,2026-03-20 22:27:19.133
The Council of the Shire of Hornsby,Small bar,Determined,1,80000.0,80000.0,2026-03-20 22:36:58.98
The Council of the Shire of Hornsby,Stratum / community title subdivision,Determined,1,3000.0,3000.0,2026-03-20 22:51:30.787
The Council of the Shire of Hornsby,Subdivision of land,Determined,8,310860.0,44408.57142857143,2026-03-28 23:34:22.427
The Council of the Shire of Hornsby,Subdivision of land,Withdrawn,1,20000.0,20000.0,2026-03-20 23:20:34.83
The Hills Shire Council,Alterations and additions to commercial development,Determined,2,4255453.0,2127726.5,2026-03-22 08:38:04.857
The Hills Shire Council,Alterations and additions to commercial development,Withdrawn,2,300000.0,150000.0,2026-03-20 23:15:19.303
The Hills Shire Council,Alterations and additions to residential development,Determined,27,6810206.9799999995,252229.88814814814,2026-03-28 23:38:02.14
The Hills Shire Council,Artisanal food and drink,Withdrawn,1,2500.0,2500.0,2026-03-28 23:48:10.95
The Hills Shire Council,Attached dwelling,Determined,1,700000.0,700000.0,2026-03-20 22:53:21.107
The Hills Shire Council,"Balconies, decks, patios, terraces or verandahs",Determined,14,3947268.0,281947.71428571426,2026-03-22 08:33:35.27
The Hills Shire Council,"Balconies, decks, patios, terraces or verandahs",Withdrawn,2,111178.0,55589.0,2026-03-22 07:37:16.15
The Hills Shire Council,Business premises,Determined,1,100000.0,100000.0,2026-03-22 07:58:54.06
The Hills Shire Council,Centre based childcare,Determined,4,3973081.0,993270.25,2026-03-22 08:38:04.857
The Hills Shire Council,Change of use,Determined,4,1150840.0,287710.0,2026-03-22 07:58:54.06
The Hills Shire Council,Demolition,Determined,11,10074686.0,915880.5454545454,2026-03-20 23:30:28.923
The Hills Shire Council,Demolition,Withdrawn,2,756838.6,378419.3,2026-03-22 08:11:27.32
The Hills Shire Council,Dual occupancy,Determined,6,3907990.0,651331.6666666666,2026-03-21 23:29:27.147
The Hills Shire Council,Dual occupancy,Rejected,1,600000.0,600000.0,2026-03-22 07:28:32.94
The Hills Shire Council,Dual occupancy,Withdrawn,3,1609142.6,536380.8666666667,2026-03-28 23:50:01.167
The Hills Shire Council,Dwelling,Determined,121,73394985.86,611624.8821666667,2026-03-28 23:47:10.81
The Hills Shire Council,Dwelling,Rejected,2,1558235.0,779117.5,2026-03-28 23:47:56.217
The Hills Shire Council,Dwelling,Withdrawn,4,4926861.0,1231715.25,2026-03-28 22:04:26.103
The Hills Shire Council,Earthworks / change in levels,Determined,2,1415180.0,707590.0,2026-03-20 23:21:14.077
The Hills Shire Council,Earthworks / change in levels,Rejected,1,57000.0,57000.0,2026-03-28 23:48:04.34
The Hills Shire Council,Educational establishment ,Determined,1,4918400.0,4918400.0,2026-03-20 23:09:51.313
The Hills Shire Council,Farm buildings,Determined,1,291845.58,291845.58,2026-03-20 22:24:20.33
The Hills Shire Council,"Garages, carports and car parking spaces",Determined,6,1571050.0,261841.66666666666,2026-03-28 23:46:33.8
The Hills Shire Council,Home business,Determined,1,5000.0,5000.0,2026-03-28 23:37:34.633
The Hills Shire Council,Industrial development,Determined,2,4624081.46,2312040.73,2026-03-22 07:28:23.593
The Hills Shire Council,Multi-dwelling housing,Determined,3,0.0,0.0,2026-03-28 23:51:42.51
The Hills Shire Council,Multi-dwelling housing,Pending Lodgement,1,,,2026-03-20 23:15:50.773
The Hills Shire Council,Multi-dwelling housing,Rejected,1,,,2026-03-27 22:40:17.673
The Hills Shire Council,Other,Determined,9,566645.0,80949.28571428571,2026-03-22 08:38:09.627
The Hills Shire Council,Other,Rejected,3,62000.0,31000.0,2026-03-28 23:48:04.34
The Hills Shire Council,Other,Withdrawn,2,90000.0,45000.0,2026-03-20 23:25:37.12
The Hills Shire Council,Pools / decks / fencing,Determined,42,16460137.39,391908.0330952381,2026-03-22 08:39:19.557
The Hills Shire Council,Pools / decks / fencing,Withdrawn,1,852304.0,852304.0,2026-03-28 23:50:01.167
The Hills Shire Council,Recreational Uses,Determined,1,20000.0,20000.0,2026-03-22 08:33:02.303
The Hills Shire Council,Residential flat building,Determined,5,71800861.0,23933620.333333332,2026-03-28 22:07:24.207
The Hills Shire Council,Restaurant or cafe,Determined,3,56100.0,18700.0,2026-03-22 08:31:59.543
The Hills Shire Council,"Retaining walls, protection of trees",Determined,15,4953947.0,330263.13333333336,2026-03-22 08:44:01.583
The Hills Shire Council,"Retaining walls, protection of trees",Rejected,1,57000.0,57000.0,2026-03-28 23:48:04.34
The Hills Shire Council,Secondary dwelling,Determined,8,2897021.1500000004,362127.64375000005,2026-03-28 23:26:03.923
The Hills Shire Council,Secondary dwelling,Withdrawn,1,210000.0,210000.0,2026-03-20 23:15:11.267
The Hills Shire Council,Semi-attached dwelling,Determined,1,1400000.0,1400000.0,2026-03-20 22:52:57.717
The Hills Shire Council,Shed,Determined,5,836000.0,167200.0,2026-03-22 08:43:40.453
The Hills Shire Council,Signage,Determined,4,4361843.0,1090460.75,2026-03-22 07:58:54.06
The Hills Shire Council,Subdivision of land,Determined,19,7374180.0,433775.29411764705,2026-03-28 22:04:27.643
The Hills Shire Council,Subdivision of land,Rejected,3,645000.0,215000.0,2026-03-22 07:28:32.94
The Hills Shire Council,Subdivision of land,Under Assessment,1,3330000.0,3330000.0,2026-03-22 08:38:17.537
The Hills Shire Council,Subdivision of land,Withdrawn,1,2996664.0,2996664.0,2026-03-28 22:04:26.103
The Hills Shire Council,Telecommunications and communication facilities,Withdrawn,1,337255.69,337255.69,2026-03-20 22:53:46.977
Tweed Shire Council,Alterations and additions to commercial development,Determined,1,2229098.0,2229098.0,2026-03-27 22:40:30.487
Tweed Shire Council,Alterations and additions to residential development,Determined,6,386000.0,77200.0,2026-03-28 23:49:03.413
Tweed Shire Council,Alterations and additions to residential development,Withdrawn,1,45000.0,45000.0,2026-03-22 07:51:37.68
Tweed Shire Council,Attached dwelling,Determined,1,3525000.0,3525000.0,2026-03-22 07:31:15.853
Tweed Shire Council,"Balconies, decks, patios, terraces or verandahs",Determined,3,3705000.0,1235000.0,2026-03-28 23:51:26.93
Tweed Shire Council,Business premises,Determined,1,20000.0,20000.0,2026-03-22 08:15:58.567
Tweed Shire Council,Change of use,Determined,1,80000.0,80000.0,2026-03-22 07:28:08.563
Tweed Shire Council,Dual occupancy,Determined,2,1279504.0,639752.0,2026-03-22 07:28:12.45
Tweed Shire Council,Dwelling,Determined,7,5642389.0,806055.5714285715,2026-03-28 21:56:10.133
Tweed Shire Council,Dwelling,Withdrawn,2,311000.0,311000.0,2026-03-22 07:52:41.017
Tweed Shire Council,Earthworks / change in levels,Determined,1,3525000.0,3525000.0,2026-03-22 07:31:15.853
Tweed Shire Council,"Garages, carports and car parking spaces",Determined,7,406000.0,67666.66666666667,2026-03-28 23:52:40.9
Tweed Shire Council,Industrial development,Determined,1,1870000.0,1870000.0,2026-03-22 07:28:44.153
Tweed Shire Council,Pools / decks / fencing,Determined,18,6922677.0,432667.3125,2026-03-28 22:00:19.28
Tweed Shire Council,Pools / decks / fencing,Withdrawn,1,,,2026-03-22 07:52:41.017
Tweed Shire Council,Recreational Uses,Determined,1,80000.0,80000.0,2026-03-22 07:28:08.563
Tweed Shire Council,Shed,Determined,2,1860000.0,930000.0,2026-03-28 23:51:26.93
Tweed Shire Council,Signage,Determined,1,80000.0,80000.0,2026-03-22 07:28:08.563
Upper Hunter Shire Council,"Garages, carports and car parking spaces",Determined,1,18400.0,18400.0,2026-03-22 08:04:21.443
Upper Hunter Shire Council,Other,Determined,1,338000.0,338000.0,2026-03-22 07:34:41.087
Upper Hunter Shire Council,Shed,Determined,2,61000.0,30500.0,2026-03-28 21:59:09.897
Upper Hunter Shire Council,Subdivision of land,Determined,1,0.0,0.0,2026-03-22 08:34:30.7
Upper Lachlan Shire Council,Alterations and additions to commercial development,Determined,1,1237830.0,1237830.0,2026-03-27 22:41:00.037
Upper Lachlan Shire Council,Dwelling,Determined,1,300804.0,300804.0,2026-03-22 08:22:56.643
Upper Lachlan Shire Council,Subdivision of land,Determined,1,80000.0,80000.0,2026-03-22 07:34:19.663
Uralla Shire Council,Dual occupancy,Determined,1,240000.0,240000.0,2026-03-28 23:50:50.71
Uralla Shire Council,Dwelling,Determined,2,495000.0,247500.0,2026-03-20 22:48:19.5
Uralla Shire Council,Other,Determined,1,175000.0,175000.0,2026-03-20 22:48:19.5
Wagga Wagga City Council,Alterations and additions to residential development,Determined,2,123450.0,61725.0,2026-03-27 22:39:18.503
Wagga Wagga City Council,Change of use,Determined,1,0.0,0.0,2026-03-22 07:52:29.197
Wagga Wagga City Council,Demolition,Determined,1,100000.0,100000.0,2026-03-22 07:51:36.63
Wagga Wagga City Council,Dwelling,Determined,3,1491500.0,497166.6666666667,2026-03-22 08:23:03.523
Wagga Wagga City Council,"Garages, carports and car parking spaces",Determined,2,170000.0,85000.0,2026-03-22 08:23:05.663
Wagga Wagga City Council,Other,Determined,1,660000.0,660000.0,2026-03-22 08:23:03.017
Wagga Wagga City Council,Pools / decks / fencing,Determined,2,52207.15,26103.575,2026-03-28 22:02:09.21
Wagga Wagga City Council,Shed,Determined,1,19500.0,19500.0,2026-03-28 23:48:43.397
Walgett Shire Council,"Balconies, decks, patios, terraces or verandahs",Withdrawn,1,38200.0,38200.0,2026-03-22 08:10:39.337
Warrumbungle Shire Council,Other,Determined,1,169625.0,169625.0,2026-03-22 07:58:09.057
Waverley Council,Alterations and additions to commercial development,Determined,1,3814239.0,3814239.0,2026-03-20 23:20:15.457
Waverley Council,Alterations and additions to residential development,Deferred Commencement,1,442530.0,442530.0,2026-03-20 23:16:46.493
Waverley Council,Alterations and additions to residential development,Determined,30,11945149.6,426612.4857142857,2026-03-28 23:48:00.833
Waverley Council,Attached dwelling,Determined,1,120000.0,120000.0,2026-03-22 07:52:47.36
Waverley Council,"Balconies, decks, patios, terraces or verandahs",Determined,8,1842343.7,230292.9625,2026-03-28 23:48:00.833
Waverley Council,Demolition,Determined,7,3075938.7,439419.8142857143,2026-03-28 22:42:26.903
Waverley Council,Dual occupancy,Determined,2,184896.7,92448.35,2026-03-22 07:40:12.743
Waverley Council,Dwelling,Determined,11,17977645.0,1634331.3636363635,2026-03-22 08:43:35.143
Waverley Council,Dwelling,Rejected,1,2390672.0,2390672.0,2026-03-22 07:59:14.197
Waverley Council,Earthworks / change in levels,Determined,3,1021996.7,340665.56666666665,2026-03-20 23:26:06.63
Waverley Council,"Garages, carports and car parking spaces",Determined,5,893121.7,178624.34,2026-03-20 23:26:06.63
Waverley Council,Other,Determined,2,32435573.0,16217786.5,2026-03-20 23:25:35.217
Waverley Council,Pools / decks / fencing,Determined,10,2838608.2,283860.82,2026-03-22 07:40:12.743
Waverley Council,Residential flat building,Determined,2,7700.0,7700.0,2026-03-28 23:38:31.36
Waverley Council,"Retaining walls, protection of trees",Determined,2,452100.0,226050.0,2026-03-22 07:53:00.71
Waverley Council,Semi-attached dwelling,Determined,4,633225.0,158306.25,2026-03-22 08:10:50.033
Waverley Council,Signage,Determined,1,7700.0,7700.0,2026-03-28 23:53:38.423
Waverley Council,Stormwater management systems,Determined,1,709448.0,709448.0,2026-03-20 22:51:44.03
Waverley Council,Subdivision of land,Determined,1,184896.7,184896.7,2026-03-20 23:26:06.63
Willoughby City Council,Alterations and additions to commercial development,Determined,1,7760.0,7760.0,2026-03-20 23:26:02.443
Willoughby City Council,Alterations and additions to residential development,Determined,11,2796183.0,310687.0,2026-03-28 23:48:54.15
Willoughby City Council,Attached dwelling,Determined,1,35920.0,35920.0,2026-03-20 22:56:17.797
Willoughby City Council,"Balconies, decks, patios, terraces or verandahs",Determined,2,84000.0,84000.0,2026-03-20 22:43:27.897
Willoughby City Council,"Balconies, decks, patios, terraces or verandahs",Withdrawn,1,20000.0,20000.0,2026-03-22 07:28:39.757
Willoughby City Council,Change of use,Determined,2,22060.0,11030.0,2026-03-22 07:25:43.4
Willoughby City Council,Demolition,Determined,1,1415000.0,1415000.0,2026-03-20 22:56:00.927
Willoughby City Council,Dwelling,Determined,9,3059171.0,382396.375,2026-03-28 23:41:54.607
Willoughby City Council,"Garages, carports and car parking spaces",Determined,3,619850.0,309925.0,2026-03-20 23:21:06.603
Willoughby City Council,"Garages, carports and car parking spaces",Withdrawn,1,19800.0,19800.0,2026-03-28 23:52:26.15
Willoughby City Council,Home business,Determined,1,0.0,0.0,2026-03-20 23:16:07.403
Willoughby City Council,Other,Determined,1,20000.0,20000.0,2026-03-22 07:44:22.303
Willoughby City Council,Pools / decks / fencing,Determined,3,1415000.0,1415000.0,2026-03-28 23:57:58.687
Willoughby City Council,"Retaining walls, protection of trees",Determined,2,,,2026-03-28 23:57:58.687
Willoughby City Council,Semi-attached dwelling,Determined,1,450000.0,450000.0,2026-03-22 07:28:31.643
Willoughby City Council,Shed,Determined,1,20890.0,20890.0,2026-03-20 22:44:11.627
Willoughby City Council,Signage,Determined,3,750260.0,250086.66666666666,2026-03-22 08:43:51.303
Willoughby City Council,Subdivision of land,Determined,2,0.0,0.0,2026-03-22 07:34:38.63
Wingecarribee Shire Council,Alterations and additions to commercial development,Determined,1,2400000.0,2400000.0,2026-03-28 21:59:08.66
Wingecarribee Shire Council,Alterations and additions to residential development,Determined,3,383483.0,127827.66666666667,2026-03-28 23:48:46.623
Wingecarribee Shire Council,Attached dwelling,Determined,1,144000.0,144000.0,2026-03-22 08:43:27.853
Wingecarribee Shire Council,"Balconies, decks, patios, terraces or verandahs",Determined,1,42000.0,42000.0,2026-03-22 07:53:11.983
Wingecarribee Shire Council,Demolition,Determined,1,20000.0,20000.0,2026-03-20 23:25:39.44
Wingecarribee Shire Council,Dwelling,Determined,16,7180913.0,448807.0625,2026-03-28 23:51:39.987
Wingecarribee Shire Council,"Garages, carports and car parking spaces",Determined,1,42000.0,42000.0,2026-03-22 07:53:11.983
Wingecarribee Shire Council,Health services facilities,Determined,1,600000.0,600000.0,2026-03-20 23:10:12.93
Wingecarribee Shire Council,Other,Determined,1,10000.0,10000.0,2026-03-28 22:00:48.577
Wingecarribee Shire Council,Other,Rejected,1,80000.0,80000.0,2026-03-20 23:21:28.28
Wingecarribee Shire Council,Pools / decks / fencing,Determined,4,435490.0,108872.5,2026-03-28 23:52:33.763
Wingecarribee Shire Council,Restaurant or cafe,Determined,1,10000.0,10000.0,2026-03-28 22:00:48.577
Wingecarribee Shire Council,Secondary dwelling,Determined,1,144000.0,144000.0,2026-03-22 08:43:27.853
Wingecarribee Shire Council,Secondary dwelling,Withdrawn,1,228937.0,228937.0,2026-03-20 22:45:50.723
Wingecarribee Shire Council,Shed,Determined,4,157578.0,39394.5,2026-03-28 23:52:33.763
Wollondilly Shire Council,Alterations and additions to commercial development,Determined,1,10000.0,10000.0,2026-03-22 07:37:35.067
Wollondilly Shire Council,Alterations and additions to residential development,Determined,16,2475538.0,176824.14285714287,2026-03-28 23:53:42.113
Wollondilly Shire Council,Alterations and additions to residential development,Withdrawn,1,300000.0,300000.0,2026-03-20 22:56:14.55
Wollondilly Shire Council,"Balconies, decks, patios, terraces or verandahs",Determined,3,705000.0,235000.0,2026-03-22 07:37:29.437
Wollondilly Shire Council,Boarding house,Withdrawn,1,1400000.0,1400000.0,2026-03-20 22:48:41.12
Wollondilly Shire Council,Centre based childcare,Determined,1,900000.0,900000.0,2026-03-20 22:55:48.59
Wollondilly Shire Council,Change of use,Determined,1,1.0,1.0,2026-03-20 22:24:01.037
Wollondilly Shire Council,Demolition,Determined,5,907000.0,226750.0,2026-03-28 23:52:21.887
Wollondilly Shire Council,Dual occupancy,Determined,2,655000.0,327500.0,2026-03-22 07:44:53.297
Wollondilly Shire Council,Dual occupancy,Rejected,1,280000.0,280000.0,2026-03-20 22:58:30.053
Wollondilly Shire Council,Dual occupancy,Withdrawn,1,517000.0,517000.0,2026-03-20 23:06:40.007
Wollondilly Shire Council,Dwelling,Determined,73,30166142.0,424875.23943661974,2026-03-28 23:51:28.103
Wollondilly Shire Council,Dwelling,Withdrawn,4,1031050.0,343683.3333333333,2026-03-20 23:24:32.79
Wollondilly Shire Council,Earthworks / change in levels,Determined,5,1484069.5,296813.9,2026-03-22 08:20:49.7
Wollondilly Shire Council,Earthworks / change in levels,Withdrawn,1,100000.0,100000.0,2026-03-20 22:48:24.02
Wollondilly Shire Council,Educational establishment ,Determined,1,17021716.0,17021716.0,2026-03-20 23:01:14.503
Wollondilly Shire Council,Emergency services facility and bush fire hazard reduction,Determined,1,17735.0,17735.0,2026-03-28 23:52:17.88
Wollondilly Shire Council,Emergency services facility and bush fire hazard reduction,Withdrawn,1,16800.0,16800.0,2026-03-20 23:21:13.02
Wollondilly Shire Council,"Garages, carports and car parking spaces",Determined,8,1294619.0,161827.375,2026-03-22 08:43:47.21
Wollondilly Shire Council,Health services facilities,Determined,1,792000.0,792000.0,2026-03-22 07:28:27.973
Wollondilly Shire Council,Other,Determined,11,2684729.0,298303.22222222225,2026-03-22 07:37:29.437
Wollondilly Shire Council,Other,Withdrawn,5,121500.0,24300.0,2026-03-22 07:40:23.92
Wollondilly Shire Council,Out of school hours care,Determined,1,17021716.0,17021716.0,2026-03-20 23:01:14.503
Wollondilly Shire Council,Pools / decks / fencing,Determined,24,4065540.36,169397.51499999998,2026-03-27 22:41:58.343
Wollondilly Shire Council,Pools / decks / fencing,Withdrawn,1,300000.0,300000.0,2026-03-20 22:56:14.55
Wollondilly Shire Council,"Retaining walls, protection of trees",Determined,10,3019693.0,301969.3,2026-03-28 23:57:45.47
Wollondilly Shire Council,"Retaining walls, protection of trees",Withdrawn,1,100000.0,100000.0,2026-03-20 22:48:24.02
Wollondilly Shire Council,Secondary dwelling,Determined,9,3203027.0,355891.8888888889,2026-03-28 23:47:43.143
Wollondilly Shire Council,Secondary dwelling,Withdrawn,1,300000.0,300000.0,2026-03-20 22:55:59.96
Wollondilly Shire Council,Shed,Determined,38,6200750.0,163177.63157894736,2026-03-27 22:40:45.583
Wollondilly Shire Council,Shed,Withdrawn,2,385000.0,192500.0,2026-03-20 22:56:14.55
Wollondilly Shire Council,Stratum / community title subdivision,Determined,1,,,2026-03-20 22:44:15.093
Wollondilly Shire Council,Subdivision of land,Determined,9,2860400.0,572080.0,2026-03-22 07:58:43.897
Wollondilly Shire Council,Waste and resource management facilities ,Determined,1,15000.0,15000.0,2026-03-20 22:50:39.303
Wollongong City Council,Alterations and additions to commercial development,Determined,7,2690990.0,384427.14285714284,2026-03-22 08:43:32.34
Wollongong City Council,Alterations and additions to residential development,Determined,49,8778985.0,182895.52083333334,2026-03-28 23:51:50.313
Wollongong City Council,Alterations and additions to residential development,Withdrawn,1,80000.0,80000.0,2026-03-22 07:37:34.56
Wollongong City Council,Attached dwelling,Determined,1,789665.0,789665.0,2026-03-22 08:10:48.9
Wollongong City Council,"Balconies, decks, patios, terraces or verandahs",Determined,20,2649750.0,139460.52631578947,2026-03-27 22:41:46.717
Wollongong City Council,Business premises,Determined,3,13671234.0,4557078.0,2026-03-22 07:25:57.773
Wollongong City Council,Centre based childcare,Determined,1,2200000.0,2200000.0,2026-03-20 22:33:10.227
Wollongong City Council,Change of use,Determined,3,103000.0,34333.333333333336,2026-03-28 22:00:42.657
Wollongong City Council,Demolition,Determined,29,4922550.0,182316.66666666666,2026-03-28 23:48:12.16
Wollongong City Council,Demolition,Withdrawn,2,1155000.0,577500.0,2026-03-22 07:37:26.94
Wollongong City Council,Dual occupancy,Determined,21,12655550.74,666081.6178947368,2026-03-22 08:43:49.57
Wollongong City Council,Dual occupancy,Withdrawn,1,850000.0,850000.0,2026-03-22 07:51:19.147
Wollongong City Council,Dwelling,Determined,33,11601196.0,386706.5333333333,2026-03-28 23:51:25.717
Wollongong City Council,Dwelling,Withdrawn,1,0.0,0.0,2026-03-28 23:48:06.09
Wollongong City Council,Earthworks / change in levels,Determined,4,992000.0,248000.0,2026-03-22 08:32:01.477
Wollongong City Council,"Garages, carports and car parking spaces",Determined,19,5523530.0,290712.1052631579,2026-03-28 23:48:12.16
Wollongong City Council,Health services facilities,Determined,2,0.0,0.0,2026-03-20 22:32:40.91
Wollongong City Council,Hotel or motel accommodation,Determined,1,35151729.69,35151729.69,2026-03-20 22:53:59.89
Wollongong City Council,Industrial development,Determined,1,3800000.0,3800000.0,2026-03-28 23:46:23.663
Wollongong City Council,Mixed use development,Determined,2,,,2026-03-20 23:26:12.26
Wollongong City Council,Multi-dwelling housing,Determined,5,1865490.0,621830.0,2026-03-22 07:28:06.36
Wollongong City Council,Multi-dwelling housing,Withdrawn,4,4796077.0,1199019.25,2026-03-20 23:06:42.12
Wollongong City Council,Other,Determined,6,50000.0,25000.0,2026-03-28 23:38:37.013
Wollongong City Council,Pools / decks / fencing,Determined,24,3729969.4,162172.58260869564,2026-03-28 23:53:35.16
Wollongong City Council,Pools / decks / fencing,Rejected,1,84135.0,84135.0,2026-03-20 22:45:06.943
Wollongong City Council,Pools / decks / fencing,Withdrawn,1,61900.0,61900.0,2026-03-22 08:24:56.253
Wollongong City Council,Recreational Uses,Determined,3,100000.0,33333.333333333336,2026-03-22 08:32:00.133
Wollongong City Council,Recreational Uses,Rejected,1,500.0,500.0,2026-03-20 22:53:33.513
Wollongong City Council,Residential flat building,Determined,1,13671234.0,13671234.0,2026-03-20 22:28:58.447
Wollongong City Council,Restaurant or cafe,Determined,2,395000.0,197500.0,2026-03-22 08:28:01.24
Wollongong City Council,Retail premises ,Determined,1,13671234.0,13671234.0,2026-03-20 22:28:58.447
Wollongong City Council,"Retaining walls, protection of trees",Determined,15,2595282.0,185377.2857142857,2026-03-27 22:41:46.717
Wollongong City Council,Secondary dwelling,Determined,11,2665577.0,242325.18181818182,2026-03-22 08:43:38.69
Wollongong City Council,Secondary dwelling,Withdrawn,2,291000.0,145500.0,2026-03-22 08:38:22.357
Wollongong City Council,Shed,Determined,4,342050.0,85512.5,2026-03-22 08:24:54.497
Wollongong City Council,Signage,Determined,2,110000.0,55000.0,2026-03-22 08:32:04.213
Wollongong City Council,Small bar,Determined,1,15000.0,15000.0,2026-03-22 08:28:01.24
Wollongong City Council,Stormwater management systems,Determined,1,7000.0,7000.0,2026-03-20 23:20:33.037
Wollongong City Council,Stratum / community title subdivision,Withdrawn,1,990000.0,990000.0,2026-03-20 23:10:25.33
Wollongong City Council,Subdivision of land,Determined,16,6231307.5,445093.39285714284,2026-03-22 08:36:37.4
Wollongong City Council,Subdivision of land,Withdrawn,2,2490000.0,1245000.0,2026-03-20 23:10:25.33
Woollahra Municipal Council,Alterations and additions to commercial development,Determined,3,6187400.0,2062466.6666666667,2026-03-22 08:38:10.657
Woollahra Municipal Council,Alterations and additions to residential development,Additional Information Requested,1,40000.0,40000.0,2026-03-20 23:11:42.097
Woollahra Municipal Council,Alterations and additions to residential development,Determined,17,7636440.0,477277.5,2026-03-28 23:50:58.017
Woollahra Municipal Council,Alterations and additions to residential development,Withdrawn,4,3544500.0,886125.0,2026-03-20 23:25:27.447
Woollahra Municipal Council,Attached dwelling,Determined,1,0.0,0.0,2026-03-27 22:39:11.87
Woollahra Municipal Council,"Balconies, decks, patios, terraces or verandahs",Determined,2,185000.0,92500.0,2026-03-20 23:25:07.977
Woollahra Municipal Council,"Balconies, decks, patios, terraces or verandahs",Under Assessment,1,15000.0,15000.0,2026-03-20 23:01:23.163
Woollahra Municipal Council,Demolition,Determined,4,7309127.79,1827281.9475,2026-03-28 23:50:07.723
Woollahra Municipal Council,Dual occupancy,Determined,1,3228500.0,3228500.0,2026-03-28 23:48:01.453
Woollahra Municipal Council,Dual occupancy,Withdrawn,1,1171000.0,1171000.0,2026-03-20 23:21:00.007
Woollahra Municipal Council,Dwelling,Determined,9,7206559.0,1201093.1666666667,2026-03-28 23:57:49.26
Woollahra Municipal Council,Dwelling,Withdrawn,1,100000.0,100000.0,2026-03-20 23:25:27.447
Woollahra Municipal Council,"Garages, carports and car parking spaces",Determined,3,2020170.5,673390.1666666666,2026-03-20 23:26:16.823
Woollahra Municipal Council,Multi-dwelling housing,Determined,1,734800.0,734800.0,2026-03-20 23:14:13.03
Woollahra Municipal Council,Office premises,Determined,1,3996247.29,3996247.29,2026-03-22 08:42:13.713
Woollahra Municipal Council,Other,Determined,3,12850.0,4283.333333333333,2026-03-28 23:57:49.26
Woollahra Municipal Council,Pools / decks / fencing,Determined,8,8040184.0,1148597.7142857143,2026-03-28 23:50:07.723
Woollahra Municipal Council,Pools / decks / fencing,Withdrawn,1,1171000.0,1171000.0,2026-03-20 23:21:00.007
Woollahra Municipal Council,Pub,Determined,1,706000.0,706000.0,2026-03-28 23:47:44.54
Woollahra Municipal Council,Residential flat building,Determined,1,,,2026-03-20 23:01:50.903
Woollahra Municipal Council,Stratum / community title subdivision,Withdrawn,1,1171000.0,1171000.0,2026-03-20 23:21:00.007
Woollahra Municipal Council,Subdivision of land,Determined,2,0.0,0.0,2026-03-20 23:24:53.98
Yass Valley Council,Alterations and additions to residential development,Determined,2,220510.15,110255.075,2026-03-28 23:49:02.08
Yass Valley Council,Attached dwelling,Determined,1,500000.0,500000.0,2026-03-22 07:40:17.537
Yass Valley Council,"Balconies, decks, patios, terraces or verandahs",Determined,2,563901.4,281950.7,2026-03-22 07:53:09.837
Yass Valley Council,Demolition,Determined,1,0.0,0.0,2026-03-28 23:47:57.323
Yass Valley Council,Dwelling,Determined,5,2846630.4,711657.6,2026-03-22 08:21:04.657
Yass Valley Council,Earthworks / change in levels,Determined,1,487647.4,487647.4,2026-03-22 07:28:47.727
Yass Valley Council,"Garages, carports and car parking spaces",Determined,1,487647.4,487647.4,2026-03-22 07:28:47.727
Yass Valley Council,Shed,Determined,1,12000.0,12000.0,2026-03-28 23:49:06.36
Yass Valley Council,Signage,Determined,1,487647.4,487647.4,2026-03-22 07:28:47.727
Yass Valley Council,Subdivision of land,Determined,1,500000.0,500000.0,2026-03-22 07:40:17.537
